아파트,지역구,감정가,전용면적
서울특별시 서대문구 홍제동 461-1 홍제삼성래미안아파트 제106동 제11층 제1101호,서울특별시 서대문구,508000000,[전용 9.9평]
서울특별시 노원구 상계동 737 상계주공아파트 제306동 제3층 제301호,서울특별시 노원구,316000000,[전용 9.8평]
서울특별시 양천구 신정동 310외 2필지 목동신시가지아파트 제1013동 제1층 제102호,서울특별시 양천구,445000000,[전용 9.3평]
서울특별시 성동구 상왕십리동 811 텐즈힐 제212동 제14층 제1402호,서울특별시 성동구,462000000,[전용 9.1평]
서울특별시 금천구 독산동 1147 금천롯데캐슬골드파크1차 제111동 제15층 제1501호,서울특별시 금천구,381000000,[전용 9.1평]
서울특별시 마포구 신공덕동 167외 2필지 메트로디오빌 제23층 제2302호,서울특별시 마포구,302400000,[전용 8.8평]
서울특별시 마포구 공덕동 30-10외 2필지 솔리스타 제17층 제1703호,서울특별시 마포구,360000000,[전용 8.7평]
서울특별시 강남구 도곡동 465외 3필지 개포4차 우성아파트 제9동 제9층 제912호,서울특별시 강남구,450400000,[전용 8.5평]
서울특별시 양천구 목동 961외 1필지 목동현대 하이페리온2 제203동 제5층 제502호,서울특별시 양천구,326400000,[전용 8.1평]
서울특별시 송파구 가락동 92-3 예일아파트 제9층 제901호,서울특별시 송파구,990000000,[전용 76.7평]
서울특별시 서초구 반포동 1016외 3필지 에이아이디차관주택(통칭:반포주공아파트) 제26동 제3층 제303호,서울특별시 서초구,630000000,[전용 7.3평]
서울특별시 동작구 신대방동 395-68외 1필지 보라매나산스위트 제13층 제1303호,서울특별시 동작구,680800000,[전용 66.4평]
서울특별시 송파구 가락동 147-2외 3필지 가락동주상복합 제11층 제1101호,서울특별시 송파구,763200000,[전용 66.1평]
서울특별시 서대문구 홍제동 247-19 홍일아파트 제지하층,서울특별시 서대문구,441344000,[전용 60.8평]
서울특별시 강북구 미아동 198-36 그린힐빌라트아파트 제10층 제1001호,서울특별시 강북구,568000000,[전용 60.2평]
"서울특별시 용산구 이촌로 193, 102동 3층306호 (이촌동,우성아파트)",서울특별시 용산구,400000000,[전용 6.9평]
서울특별시 영등포구 여의도동 21-2 공작아파트 제에이동 제9층 제909호,서울특별시 영등포,350000000,[전용 6.9평]
서울특별시 서대문구 홍은동 393-1 신원지벤스타 제3층 제302호,서울특별시 서대문구,676800000,[전용 57.9평]
서울특별시 서대문구 홍은동 393-1 신원지벤스타 제104동 제2층 제201호,서울특별시 서대문구,556800000,[전용 57.9평]
서울특별시 광진구 자양동 690-58외 1필지 파라다이스리버빌아파트 제10층 제1000호,서울특별시 광진구,760000000,[전용 56평]
서울특별시 강서구 화곡동 1145 우장산롯데캐슬 제303동 제2층 제202호,서울특별시 강서구,990000000,[전용 53.8평]
서울특별시 서대문구 홍은동 277-108 올림푸스 제8층 제802호,서울특별시 서대문구,640000000,[전용 52평]
서울특별시 서대문구 홍은동 277-108 올림푸스 제6층 제602호,서울특별시 서대문구,504000000,[전용 52평]
서울특별시 구로구 신도림동 643 신도림1차동아아파트 제101동 제14층 제1402호,서울특별시 구로구,978000000,[전용 51.2평]
서울특별시 강동구 성내동 513 중앙아파트 제3층 제303호,서울특별시 강동구,499200000,[전용 50평]
서울특별시 은평구 진관동 84 은평뉴타운우물골 제236동 제2층 제201호,서울특별시 은평구,930000000,[전용 50.7평]
서울특별시 은평구 진관동 10 은평뉴타운 상림마을 제735동 제4층 제401호,서울특별시 은평구,707200000,[전용 50.7평]
서울특별시 은평구 진관동 107 은평뉴타운마고정 제314동 제16층 제1601호,서울특별시 은평구,786400000,[전용 50.6평]
서울특별시 성북구 하월곡동 46-73 코업스타클래스 제13층 제101-1302호,서울특별시 성북구,772000000,[전용 50.5평]
서울특별시 성동구 마장동 818 마장동현대아파트 제108동 제3층 제302호,서울특별시 성동구,957000000,[전용 49.9평]
서울특별시 서대문구 홍은동 188-72 동아아파트 제8층 제802호,서울특별시 서대문구,610000000,[전용 49.9평]
서울특별시 광진구 광장동 350-1 광장동현대아이빌라트 제1층 제101호,서울특별시 광진구,978000000,[전용 49.6평]
서울특별시 강동구 암사동 508 삼성광나루아파트 제103동 제3층 제303호,서울특별시 강동구,798400000,[전용 47.6평]
서울특별시 강서구 화곡동 1091 화곡푸르지오 제117동 제2층 제202호,서울특별시 강서구,947000000,[전용 47.5평]
서울특별시 동작구 신대방동 565외 1필지 우성아파트 제10동 제2층 제202호,서울특별시 동작구,880000000,[전용 47.5평]
서울특별시 송파구 가락동 1-10외 2필지 가락동현대빌라트 제4층 제402호,서울특별시 송파구,762000000,[전용 47.3평]
서울특별시 구로구 구로동 446-54외 2필지 일동행복세상아파트 제7층 제701호,서울특별시 구로구,387200000,[전용 47.1평]
서울특별시 도봉구 창동 823 창동금호어울림아파트 제107동 제8층 제802호,서울특별시 도봉구,642000000,[전용 46평]
서울특별시 동대문구 용두동 138-52 해오름아파트 제3층 제302호,서울특별시 동대문구,630000000,[전용 46평]
서울특별시 성북구 돈암동 609-1 한신아파트 제112동 제14층 제1406호,서울특별시 성북구,932000000,[전용 46.1평]
서울특별시 성북구 돈암동 609-1 한진아파트 제212동 제20층 제2003호,서울특별시 성북구,655200000,[전용 46.1평]
서울특별시 성북구 돈암동 609-1 한신아파트 제112동 제12층 제1205호,서울특별시 성북구,567000000,[전용 46.1평]
서울특별시 구로구 궁동 143외 2필지 다청림아파트 제102동 제6층 제601호 외1건,서울특별시 구로구,517600000,[전용 45.6평]
서울특별시 구로구 개봉동 476 한마을아파트 제114동 제7층 제702호,서울특별시 구로구,473600000,[전용 45.4평]
서울특별시 송파구 방이동 181외 2필지 태평양파크빌라트 제8층 제801호,서울특별시 송파구,651200000,[전용 44.7평]
서울특별시 관악구 봉천동 464-41외 1필지 은선파인빌 제2층 제201호,서울특별시 관악구,615000000,[전용 44.6평]
서울특별시 강남구 논현동 228-9외 1필지 토미빌 1동 제1층 제102호,서울특별시 강남구,762400000,[전용 44.1평]
서울특별시 성북구 길음동 1280 길음뉴타운 제206동 제5층 제501호,서울특별시 성북구,950000000,[전용 43.4평]
서울특별시 양천구 목동 806-25 동도빌라트 제9층 제901호,서울특별시 양천구,623200000,[전용 43.4평]
서울특별시 성북구 돈암동 524 일신건영휴먼빌아파트 제109동 제2층 제201호,서울특별시 성북구,604800000,[전용 43.4평]
서울특별시 성북구 돈암동 642 돈암동해피트리아파트 제106동 제10층 제1003호,서울특별시 성북구,789000000,[전용 43.3평]
서울특별시 성북구 돈암동 642 돈암동해피트리아파트 제106동 제10층 제1003호,서울특별시 성북구,789000000,[전용 43.3평]
서울특별시 강서구 염창동 257 리버펠리스 제1동(현황:101동) 제3층 제301호,서울특별시 강서구,900000000,[전용 43.1평]
서울특별시 성동구 옥수동 436-6외 1필지 화이트캐슬 제1층 제101호,서울특별시 성동구,560000000,[전용 42평]
서울특별시 강동구 천호동 427-3 엘크루 제7층 제701호,서울특별시 강동구,650000000,[전용 42.9평]
서울특별시 은평구 응암동 759외 1필지 백련산힐스테이트1차 제113동 제6층 제605호,서울특별시 은평구,600000000,[전용 42.7평]
서울특별시 은평구 응암동 759외 1필지 백련산힐스테이트1차 제113동 제6층 제605호,서울특별시 은평구,584000000,[전용 42.7평]
서울특별시 용산구 원효로4가 128-1 한성한강수아파트 제101동 제6층 제602호,서울특별시 용산구,899000000,[전용 42.6평]
서울특별시 서대문구 홍제동 283-36외 2필지 마체스터 아파트 제101동 제12층 제1201호,서울특별시 서대문구,568000000,[전용 42.5평]
서울특별시 서대문구 홍은동 186-25 서강아파트2차 제12층 제1202호,서울특별시 서대문구,362240000,[전용 42.2평]
서울특별시 서대문구 홍은동 186-25 서강아파트2차 제1층 제102호,서울특별시 서대문구,349600000,[전용 42.2평]
서울특별시 노원구 상계동 1318 노원아이파크 제101동 제6층 제604호,서울특별시 노원구,562400000,[전용 42.1평]
서울특별시 노원구 하계동 256-5 한신.동성아파트 제3동 제6층 제603호,서울특별시 노원구,655000000,[전용 41.8평]
서울특별시 광진구 자양동 695외 1필지 한양아파트 제2동 제9층 제903호,서울특별시 광진구,910000000,[전용 41.6평]
서울특별시 송파구 문정동 150외 1필지 올림픽훼밀리타운아파트 제225동 제3층 제306호,서울특별시 송파구,976000000,[전용 41.2평]
서울특별시 송파구 가락동 80 송파성원상떼빌 제102동 제7층 제708호,서울특별시 송파구,838000000,[전용 41.2평]
서울특별시 관악구 남현동 1059-1 르.메이에르강남타운1차 제9층 제905호,서울특별시 관악구,985000000,[전용 40평]
서울특별시 강서구 등촌동 715 등촌동아이파크 제106동 제13층 제1302호,서울특별시 강서구,960000000,[전용 40.8평]
서울특별시 강서구 가양동 1459 동신아파트 제103동 제3층 제304호,서울특별시 강서구,946000000,[전용 40.8평]
서울특별시 노원구 공릉동 106 공릉해링턴플레이스 제309동 제9층 제902호,서울특별시 노원구,902000000,[전용 40.8평]
서울특별시 은평구 진관동 25 은평뉴타운구파발 제927동 제10층 제1002호,서울특별시 은평구,860000000,[전용 40.8평]
서울특별시 노원구 공릉동 106 효성화운트빌 제308동 제12층 제1203호,서울특별시 노원구,800000000,[전용 40.8평]
서울특별시 강서구 등촌동 715 등촌동아이파크 제108동 제4층 제401호,서울특별시 강서구,785000000,[전용 40.8평]
서울특별시 성동구 마장동 818 마장동현대아파트 제111동 제18층 제1801호,서울특별시 성동구,776000000,[전용 40.8평]
서울특별시 은평구 진관동 25 은평뉴타운구파발 제917동 제8층 제802호,서울특별시 은평구,767000000,[전용 40.8평]
서울특별시 노원구 공릉동 106 효성화운트빌 제308동 제12층 제1203호,서울특별시 노원구,750000000,[전용 40.8평]
서울특별시 성북구 석관동 10 두산아파트 제116동 제12층 제1202호,서울특별시 성북구,743000000,[전용 40.8평]
서울특별시 은평구 진관동 13 은평뉴타운 상림마을 제708동 제6층 제627호,서울특별시 은평구,706000000,[전용 40.8평]
서울특별시 은평구 진관동 107 은평뉴타운마고정 제315동 제3층 제301호,서울특별시 은평구,704000000,[전용 40.8평]
서울특별시 도봉구 방학동 720-18 방학동삼성래미안 제110동 제12층 제1202호,서울특별시 도봉구,654400000,[전용 40.8평]
서울특별시 도봉구 창동 808 동아청솔아파트 제118동 제4층 제406호,서울특별시 도봉구,636000000,[전용 40.8평]
서울특별시 은평구 진관동 11 은평뉴타운 상림마을 제728동 제4층 제404호,서울특별시 은평구,534400000,[전용 40.8평]
서울특별시 성북구 석관동 10 두산아파트 제116동 제4층 제402호,서울특별시 성북구,528000000,[전용 40.8평]
서울특별시 중랑구 신내동 618외 5필지 동성아파트 제15동 제8층 제805호,서울특별시 중랑구,472000000,[전용 40.8평]
서울특별시 중랑구 신내동 437 벽산아파트 제102동 제2층 제203호,서울특별시 중랑구,414000000,[전용 40.8평]
서울특별시 은평구 진관동 19 은평뉴타운 상림마을아파트 제815동 제5층 제501호,서울특별시 은평구,837000000,[전용 40.7평]
서울특별시 노원구 월계동 775 월계대우아파트 제104동 제19층 제1901호,서울특별시 노원구,794000000,[전용 40.7평]
서울특별시 은평구 진관동 84 은평뉴타운우물골 제226동 제2층 제201호,서울특별시 은평구,771000000,[전용 40.7평]
서울특별시 강서구 방화동 831 방화아파트 제403동 제7층 제705호,서울특별시 강서구,759000000,[전용 40.7평]
서울특별시 강서구 방화동 831 방화아파트 제401동 제13층 제1302호,서울특별시 강서구,746000000,[전용 40.7평]
서울특별시 강서구 방화동 831 방화아파트(외벽표시:삼환아파트) 제404동 제2층 제201호,서울특별시 강서구,722000000,[전용 40.7평]
서울특별시 강서구 방화동 831 방화아파트 제403동 제2층 제205호,서울특별시 강서구,599200000,[전용 40.7평]
서울특별시 노원구 월계동 775 월계대우아파트 제105동 제3층 제302호,서울특별시 노원구,510000000,[전용 40.7평]
서울특별시 노원구 월계동 775 월계대우아파트 제105동 제3층 제302호,서울특별시 노원구,434400000,[전용 40.7평]
서울특별시 중랑구 면목동 1510 면목두산아파트 제201동 제17층 제1704호,서울특별시 중랑구,769000000,[전용 40.6평]
서울특별시 중랑구 면목동 1510 면목두산아파트 제201동 제15층 제1501호,서울특별시 중랑구,685000000,[전용 40.6평]
서울특별시 강북구 번동 657 번동동문아파트 제101동 제11층 제1101호,서울특별시 강북구,511200000,[전용 40.6평]
서울특별시 동대문구 장안동 336외 1필지 장안현대홈타운 제106동 제14층 제1405호,서울특별시 동대문구,785000000,[전용 40.5평]
서울특별시 강서구 방화동 819 방화동개화아파트 제104동 제7층 제705호,서울특별시 강서구,695000000,[전용 40.5평]
서울특별시 강서구 방화동 819 방화동개화아파트 제104동 제10층 제1003호,서울특별시 강서구,682000000,[전용 40.5평]
서울특별시 동대문구 장안동 336외 1필지 장안현대홈타운 제106동 제15층 제1505호,서울특별시 동대문구,672000000,[전용 40.5평]
서울특별시 강서구 방화동 819 방화동개화아파트 제104동 제10층 제1003호,서울특별시 강서구,310272000,[전용 40.5평]
"서울특별시 서초구 양재동 286-6 양재테크노아파트 제4,5층 제401호 외1건",서울특별시 서초구,934000000,[전용 40.4평]
서울특별시 성북구 돈암동 609-1 한신아파트 제109동 제9층 제901호,서울특별시 성북구,698000000,[전용 40.2평]
서울특별시 성북구 돈암동 609-1 한신아파트 제108동 제10층 제1002호,서울특별시 성북구,632000000,[전용 40.2평]
서울특별시 마포구 공덕동 11-174외 11필지 현대아파트 제6층 제603호,서울특별시 마포구,524000000,[전용 4.7평]
서울특별시 마포구 공덕동 11-174외 11필지 현대아파트 제6층 제602호,서울특별시 마포구,507000000,[전용 4.6평]
서울특별시 강서구 가양동 1474 대림아파트 제102동 제9층 제902호,서울특별시 강서구,657600000,[전용 39.8평]
서울특별시 영등포구 양평동3가 90-1 거성파스텔아파트 제103동 제14층 제1402호,서울특별시 영등포,950000000,[전용 39.7평]
서울특별시 구로구 구로동 1263외 1필지 롯데구로아파트 제110동 제14층 제1402호,서울특별시 구로구,940000000,[전용 39.7평]
서울특별시 도봉구 방학동 689외 1필지 방학동부센트레빌 제102동 제8층 제805호,서울특별시 도봉구,553000000,[전용 39.7평]
서울특별시 서초구 우면동 57 대림아파트 제102동 제2층 제202호,서울특별시 서초구,997000000,[전용 39.6평]
서울특별시 서대문구 홍은동 394-1 신원지벤스타 제5층 제502호,서울특별시 서대문구,725000000,[전용 39.3평]
서울특별시 중랑구 신내동 618외 5필지 동성아파트 제12동 제7층 제702호,서울특별시 중랑구,602000000,[전용 39.1평]
서울특별시 강동구 성내동 387-48 해가든아파트 제4층 제403호,서울특별시 강동구,727000000,[전용 38.9평]
서울특별시 동대문구 청량리동 234-2 현대아파트 제3동 제4층 제407호,서울특별시 동대문구,613600000,[전용 38.9평]
서울특별시 마포구 도화동 357외 5필지 도화동현대아파트(통칭:도화동현대1차) 제109동 제4층 제406호,서울특별시 마포구,950000000,[전용 38.8평]
서울특별시 마포구 도화동 82외 3필지 도화3지구우성아파트 제11동 제2층 제205호,서울특별시 마포구,905000000,[전용 38.8평]
서울특별시 노원구 하계동 270 우성아파트 제109동 제6층 제605호,서울특별시 노원구,750000000,[전용 38.5평]
서울특별시 노원구 월계동 947 롯데캐슬 루나 제101동 제1층 제104호,서울특별시 노원구,530000000,[전용 38.4평]
서울특별시 도봉구 방학동 271-4 신동아아파트 제30동 제13층 제1302호,서울특별시 도봉구,452800000,[전용 38.4평]
서울특별시 도봉구 방학동 272-1 신동아아파트 제20동 제1층 제103호,서울특별시 도봉구,348800000,[전용 38.4평]
서울특별시 강서구 내발산동 673-14 청솔아파트 제3층 제301호,서울특별시 강서구,371200000,[전용 38.3평]
서울특별시 동작구 신대방동 565외 1필지 우성아파트 제16동 제15층 제1505호,서울특별시 동작구,877000000,[전용 38.2평]
서울특별시 강동구 길동 474 지에스강동자이아파트 제106동 제14층 제1401호,서울특별시 강동구,784000000,[전용 38.2평]
서울특별시 중랑구 묵동 20 신내대림아파트 제503동 제4층 제401호,서울특별시 중랑구,680000000,[전용 38.2평]
서울특별시 영등포구 대림동 1124 신대림신동아파밀리에아파트 제101동 제11층 제1102호,서울특별시 영등포,540000000,[전용 38.2평]
서울특별시 강동구 성내동 244-12 엘아이지건영리가주상복합 제12층 제1201호,서울특별시 강동구,606000000,[전용 37.9평]
서울특별시 강동구 성내동 244-12 엘아이지건영리가주상복합 제7층 제701호,서울특별시 강동구,550000000,[전용 37.9평]
서울특별시 광진구 자양동 663-21 와이엠프라젠스파 제5층 제502호,서울특별시 광진구,529600000,[전용 37.9평]
서울특별시 송파구 방이동 217 대림아파트 3동 6층 601호,서울특별시 송파구,750000000,[전용 37.8평]
서울특별시 강동구 성내동 443-21외 2필지 갑지하이린아파트 제601호,서울특별시 강동구,561600000,[전용 37.8평]
서울특별시 은평구 구산동 162-1 경향파크아파트 제1동 제9층 제904호,서울특별시 은평구,425000000,[전용 37.8평]
서울특별시 동작구 노량진동 323외 1필지 우성아파트 제105동 제12층 제1202호,서울특별시 동작구,664000000,[전용 37.7평]
서울특별시 강남구 논현동 79-5외 1필지 삼성빌라트 제1층 제103호,서울특별시 강남구,728000000,[전용 37.5평]
서울특별시 강서구 등촌동 694 등촌대림아파트 제104동 제7층 제702호,서울특별시 강서구,970000000,[전용 37.4평]
서울특별시 구로구 개봉동 476 한마을아파트 제122동 제22층 제2202호,서울특별시 구로구,555000000,[전용 37.4평]
서울특별시 강동구 암사동 516-2외 3필지 한강리치팰리스 제7층 제702호,서울특별시 강동구,924000000,[전용 37.3평]
서울특별시 강동구 암사동 516-2외 3필지 한강리치팰리스 제7층 제702호,서울특별시 강동구,739200000,[전용 37.3평]
서울특별시 동대문구 장안동 371-1외 8필지 장안삼성쉐르빌 제20층 제2011호,서울특별시 동대문구,660000000,[전용 37.1평]
서울특별시 강동구 길동 383-8 노블레스아파트동(통칭:102동) 제7층 제701호,서울특별시 강동구,600000000,[전용 37.1평]
서울특별시 은평구 구산동 224 경남아너스빌 제107동 제12층 제1204호,서울특별시 은평구,400000000,[전용 37.1평]
서울특별시 종로구 창신동 578-5 제303호 내제3층호,서울특별시 종로구,328800000,[전용 37.1평]
서울특별시 강서구 염창동 240-1 염창동강변월드메르디앙아파트 제102동 제7층 제704호,서울특별시 강서구,790000000,[전용 36.9평]
서울특별시 영등포구 문래동3가 54 문래자이 제108동 제21층 제2102호,서울특별시 영등포,1000000000,[전용 36.8평]
서울특별시 영등포구 문래동3가 54 문래자이 제112동 제1층 제103호,서울특별시 영등포,946000000,[전용 36.8평]
서울특별시 영등포구 문래동3가 54 문래자이 제108동 제21층 제2102호,서울특별시 영등포,890000000,[전용 36.8평]
서울특별시 영등포구 신길동 4937 신길뉴타운한화꿈에그린 제104동 제13층 제1301호,서울특별시 영등포,950000000,[전용 36.5평]
서울특별시 동작구 신대방동 395-66 보라매삼성쉐르빌 제23층 제2304호,서울특별시 동작구,632800000,[전용 36.5평]
서울특별시 영등포구 대림동 1061 대림동문영칸타빌레아파트 제101동 제1층 제104호,서울특별시 영등포,608000000,[전용 36.4평]
서울특별시 구로구 개봉동 492 개봉푸르지오 제101동 제22층 제2202호,서울특별시 구로구,820000000,[전용 36.3평]
서울특별시 구로구 개봉동 492 개봉푸르지오 제101동 제14층 제1401호,서울특별시 구로구,793000000,[전용 36.3평]
서울특별시 양천구 신정동 118-19 목동그린빌라트 제6층 제601호,서울특별시 양천구,664000000,[전용 36.3평]
서울특별시 관악구 신림동 1727 임광관악파크 제101동 제20층 제2003호,서울특별시 관악구,639000000,[전용 36.3평]
서울특별시 강서구 가양동 1467 가양중앙하이츠아파트 제101동 제1층 제101호,서울특별시 강서구,560000000,[전용 36.3평]
서울특별시 관악구 신림동 1727 임광관악파크 제101동 제12층 제1202호,서울특별시 관악구,525000000,[전용 36.3평]
서울특별시 양천구 신정동 118-19 목동그린빌라트 제6층 제601호,서울특별시 양천구,472000000,[전용 36.3평]
서울특별시 관악구 신림동 1694 신림현대아파트 제103동 제14층 제1405호,서울특별시 관악구,800000000,[전용 36.2평]
서울특별시 동작구 사당동 105외 1필지 극동아파트 제108동 제2층 제204호,서울특별시 동작구,736800000,[전용 36.2평]
서울특별시 노원구 중계동 366 라이프중계동아파트 제108동 제7층 제707호,서울특별시 노원구,950000000,[전용 35평]
서울특별시 동대문구 전농동 6외 1필지 전농우성아파트 제6동 제9층 제905호,서울특별시 동대문구,613000000,[전용 35평]
서울특별시 종로구 창신동 703외 5필지 창신쌍용아파트 제206동 제4층 제403호,서울특별시 종로구,533000000,[전용 35평]
서울특별시 중랑구 신내동 795 새한아파트 제102동 제22층 제2103호,서울특별시 중랑구,484000000,[전용 35평]
서울특별시 도봉구 방학동 720-18 방학동삼성래미안 제109동 제7층 제702호,서울특별시 도봉구,723000000,[전용 35.8평]
서울특별시 도봉구 방학동 720-18 방학동삼성래미안 제109동 제14층 제1401호,서울특별시 도봉구,576000000,[전용 35.8평]
서울특별시 마포구 성산동 601외 1필지 성산월드타운대림아파트 제101동 제12층 제1201호,서울특별시 마포구,925000000,[전용 35.7평]
서울특별시 도봉구 창동 621-69 창동한신아파트 제103동 제3층 제304호,서울특별시 도봉구,698000000,[전용 35.7평]
서울특별시 도봉구 창동 621-69 창동한신아파트 제103동 제1층 제101호,서울특별시 도봉구,442400000,[전용 35.7평]
서울특별시 송파구 오금동 9-7외 1필지 노블하우스 제2층 제201호(건축물대장상의 현황도면:202호),서울특별시 송파구,664000000,[전용 35.6평]
서울특별시 강북구 미아동 8-87외 3필지 스카이빌 제7층 제701호,서울특별시 강북구,403000000,[전용 35.5평]
서울특별시 강북구 미아동 8-87외 3필지 스카이빌 제7층 제701호,서울특별시 강북구,379000000,[전용 35.5평]
서울특별시 송파구 풍납동 219 미성맨션 제3동 제10층 제1005호,서울특별시 송파구,854000000,[전용 35.4평]
서울특별시 송파구 풍납동 219 미성맨션 제3동 제8층 제806호,서울특별시 송파구,845000000,[전용 35.4평]
서울특별시 송파구 풍납동 219 미성맨션 제3동 제8층 제806호,서울특별시 송파구,845000000,[전용 35.4평]
서울특별시 송파구 풍납동 219 미성맨션아파트 제3동 제2층 제205호,서울특별시 송파구,798000000,[전용 35.4평]
서울특별시 노원구 공릉동 748 공릉동신도1차아파트 제104동 제4층 제401호,서울특별시 노원구,620000000,[전용 35.4평]
서울특별시 성북구 보문동4가 116 보문하우스토리 제3층 제101-301호,서울특별시 성북구,540000000,[전용 35.4평]
서울특별시 노원구 공릉동 748 공릉동신도1차아파트 제104동 제13층 제1302호,서울특별시 노원구,437600000,[전용 35.4평]
서울특별시 구로구 개봉동 70-12 동도센트리움아파트 제9층 제904호,서울특별시 구로구,393000000,[전용 35.2평]
"서울특별시 은평구 불광동 484-90 윤현아파트 제7,8층 제702호 외1건",서울특별시 은평구,376800000,[전용 35.2평]
서울특별시 강서구 화곡동 1095 그랜드아이파크 제15층 제101-1502호,서울특별시 강서구,720000000,[전용 34평]
서울특별시 강북구 번동 118-15 꿈의숲 수림채아파트 제9층 제902호,서울특별시 강북구,395000000,[전용 34평]
서울특별시 노원구 중계동 361-1 롯데아파트 제107동 제8층 제803호,서울특별시 노원구,924000000,[전용 34.9평]
서울특별시 노원구 중계동 366 청구중계동아파트 제104동 제5층 제503호,서울특별시 노원구,760000000,[전용 34.9평]
서울특별시 성북구 길음동 1279외 2필지 래미안길음1차 제106동 제6층 제604호,서울특별시 성북구,955000000,[전용 34.8평]
서울특별시 강북구 미아동 1357외 1필지 삼각산아이원아파트 제107동 제20층 제2002호,서울특별시 강북구,952000000,[전용 34.8평]
서울특별시 동작구 본동 492 삼성래미안아파트 제104동 제17층 제1701호,서울특별시 동작구,923000000,[전용 34.8평]
서울특별시 양천구 신정동 1278 목동삼성아파트 제101동 제7층 제701호,서울특별시 양천구,910000000,[전용 34.8평]
서울특별시 구로구 구로동 1260 이화우성아파트 제101동 제5층 제505호,서울특별시 구로구,874000000,[전용 34.8평]
서울특별시 성북구 안암동1가 361 래미안안암 제112동 제8층 제801호,서울특별시 성북구,860000000,[전용 34.8평]
서울특별시 성동구 응봉동 15 대림강변타운 제114동 제8층 제801호,서울특별시 성동구,843625000,[전용 34.8평]
서울특별시 강북구 미아동 813외 1필지 래미안트리베라1차 제116동 제18층 제1802호,서울특별시 강북구,830000000,[전용 34.8평]
서울특별시 노원구 상계동 1265 수락산벨리체아파트 제106동 제12층 제1201호,서울특별시 노원구,811000000,[전용 34.8평]
서울특별시 구로구 개봉동 481 현대아파트 제117동 제22층 제2201호,서울특별시 구로구,762000000,[전용 34.8평]
서울특별시 송파구 오금동 138외 1필지 오금동우방아파트 제101동 제14층 제1410호,서울특별시 송파구,760000000,[전용 34.8평]
서울특별시 성북구 종암동 133 래미안세레니티 제206동 제16층 제1602호,서울특별시 성북구,734000000,[전용 34.8평]
서울특별시 광진구 자양동 641 경남아파트 제102동 제19층 제1904호,서울특별시 광진구,726000000,[전용 34.8평]
서울특별시 영등포구 신길동 4934외 1필지 삼성래미안아파트 제110동 제19층 제1902호,서울특별시 영등포,716000000,[전용 34.8평]
서울특별시 관악구 봉천동 1713 낙성대현대홈타운 제301동 제10층 제1004호,서울특별시 관악구,713000000,[전용 34.8평]
서울특별시 동대문구 휘경동 115 휘경동동양아파트 제102동 제9층 제909호,서울특별시 동대문구,700000000,[전용 34.8평]
서울특별시 양천구 신정동 1316 신정이펜하우스3단지 제306동 제6층 제602호,서울특별시 양천구,700000000,[전용 34.8평]
서울특별시 관악구 봉천동 1713 낙성대현대홈타운 제302동 제3층 제301호,서울특별시 관악구,660000000,[전용 34.8평]
서울특별시 동대문구 전농동 155 전농동삼성아파트 제103동 제5층 제502호,서울특별시 동대문구,622400000,[전용 34.8평]
서울특별시 동대문구 이문동 425외 1필지 이문삼성래미안아파트 제203동 제5층 제503호,서울특별시 동대문구,621000000,[전용 34.8평]
서울특별시 구로구 개봉동 481 현대아파트 제120동 제9층 제902호,서울특별시 구로구,597000000,[전용 34.8평]
서울특별시 노원구 월계동 18외 1필지 그랑빌아파트 제116동 제21층 제2101호,서울특별시 노원구,560000000,[전용 34.8평]
서울특별시 노원구 공릉동 380-1 공릉동2차대동아파트 제101동 제10층 제1001호,서울특별시 노원구,522000000,[전용 34.8평]
서울특별시 강북구 미아동 1357외 1필지 삼각산아이원아파트 제115동 제7층 제701호,서울특별시 강북구,519000000,[전용 34.8평]
서울특별시 구로구 개봉동 478 개봉한진아파트 제106동 제13층 제1301호,서울특별시 구로구,484000000,[전용 34.8평]
서울특별시 강북구 미아동 1357외 1필지 삼각산아이원아파트 제117동 제1층 제102호,서울특별시 강북구,483200000,[전용 34.8평]
서울특별시 구로구 개봉동 478 개봉한진아파트 제108동 제8층 제802호,서울특별시 구로구,476800000,[전용 34.8평]
서울특별시 구로구 고척동 296외 1필지 고척대우아파트 제107동 제13층 제1302호,서울특별시 구로구,422400000,[전용 34.8평]
서울특별시 도봉구 방학동 740 동양크레오아파트 제102동 제1층 제105호,서울특별시 도봉구,373600000,[전용 34.8평]
서울특별시 송파구 풍납동 508 한강극동아파트 제101동 제17층 제1705호,서울특별시 송파구,900000000,[전용 34.7평]
서울특별시 강동구 둔촌동 545 둔촌하이츠아파트 제15층 제1512호,서울특별시 강동구,892000000,[전용 34.7평]
서울특별시 동작구 노량진동 325 신동아리버파크 제702동 제1층 제110호,서울특별시 동작구,867000000,[전용 34.7평]
서울특별시 성북구 정릉동 239외 2필지 정릉풍림아이원아파트 제113동 제7층 제701호,서울특별시 성북구,850000000,[전용 34.7평]
서울특별시 동작구 사당동 1137 신동아아파트 제502동 제4층 제405호,서울특별시 동작구,832000000,[전용 34.7평]
서울특별시 관악구 봉천동 1703 성현동아아파트 제103동 제2101호,서울특별시 관악구,830000000,[전용 34.7평]
서울특별시 성북구 하월곡동 228 꿈의숲 푸르지오 제103동 제5층 제501호,서울특별시 성북구,803000000,[전용 34.7평]
서울특별시 성동구 응봉동 276 응봉동리버그린동아아파트 제303동 제18층 제1801호,서울특별시 성동구,784000000,[전용 34.7평]
서울특별시 성북구 삼선동2가 425외 1필지 삼선푸르지오 제114동 제2층 제203호,서울특별시 성북구,750000000,[전용 34.7평]
서울특별시 노원구 중계동 505 상아아파트 제16동 제2층 제206호,서울특별시 노원구,736000000,[전용 34.7평]
서울특별시 동작구 노량진동 325 신동아리버파크 제705동 제28층 제2805호,서울특별시 동작구,720000000,[전용 34.7평]
서울특별시 영등포구 대림동 887-1외 4필지 대림동1차한신아파트 제101동 제10층 제1009호,서울특별시 영등포,706000000,[전용 34.7평]
서울특별시 동대문구 답십리동 80외 3필지 답십리청솔우성아파트 제105동 제11층 제1105호,서울특별시 동대문구,703000000,[전용 34.7평]
서울특별시 관악구 봉천동 1706 봉천우성아파트 제103동 제22층 제2202호,서울특별시 관악구,624000000,[전용 34.7평]
서울특별시 동작구 사당동 1140외 2필지 사당동삼성아파트 제101동 제4층 제403호,서울특별시 동작구,620000000,[전용 34.7평]
서울특별시 강북구 미아동 1353 에스케이북한산시티아파트 제106동 제17층 제1702호,서울특별시 강북구,611000000,[전용 34.7평]
서울특별시 관악구 신림동 1735 관악산휴먼시아 제224동 제2층 제203호,서울특별시 관악구,611000000,[전용 34.7평]
서울특별시 관악구 봉천동 1712 관악드림타운 제127동 제18층 제1802호,서울특별시 관악구,608000000,[전용 34.7평]
서울특별시 관악구 신림동 1735 관악산휴먼시아 제205동 제2층 제203호,서울특별시 관악구,602000000,[전용 34.7평]
서울특별시 금천구 시흥동 1013 벽산아파트 제511동 제17층 제1703호,서울특별시 금천구,600000000,[전용 34.7평]
서울특별시 강서구 염창동 292외 1필지 염창동아아파트 제101동 제6층 제601호,서울특별시 강서구,599200000,[전용 34.7평]
서울특별시 노원구 상계동 1269 수락파크빌 제505동 제4층 제404호,서울특별시 노원구,590000000,[전용 34.7평]
서울특별시 동대문구 이문동 54 현대아파트 제101동 제22층 제2204호,서울특별시 동대문구,563000000,[전용 34.7평]
서울특별시 관악구 봉천동 1706 봉천우성아파트 제103동 제2층 제205호,서울특별시 관악구,559200000,[전용 34.7평]
서울특별시 성북구 정릉동 1031 정릉힐스테이트3차아파트 제315동 제6층 제602호,서울특별시 성북구,545600000,[전용 34.7평]
서울특별시 성북구 정릉동 1018외 1필지 태영아파트 제101동 제13층 제1308호,서울특별시 성북구,545000000,[전용 34.7평]
서울특별시 성북구 하월곡동 222 월곡두산위브아파트 제114동 제15층 제1508호,서울특별시 성북구,544000000,[전용 34.7평]
서울특별시 성동구 금호동1가 633 벽산아파트 제111동 제1층 제103호,서울특별시 성동구,543000000,[전용 34.7평]
서울특별시 성북구 동소문동4가 279 송산아파트 제103동 제6층 제601호,서울특별시 성북구,537600000,[전용 34.7평]
서울특별시 구로구 구로동 685-154 다원그린빌 제8층 제802호,서울특별시 구로구,512000000,[전용 34.7평]
서울특별시 노원구 공릉동 725외 2필지 풍림아파트 제109동 제1층 제101호,서울특별시 노원구,510000000,[전용 34.7평]
서울특별시 광진구 군자동 99외 2필지 일성파크아파트 제102동 제11층 제1104호,서울특별시 광진구,503200000,[전용 34.7평]
서울특별시 강동구 천호동 305 중앙하이츠아파트 제101동 제5층 제515호,서울특별시 강동구,487200000,[전용 34.7평]
서울특별시 금천구 시흥동 1013 벽산아파트 제507동 제14층 제1403호,서울특별시 금천구,474000000,[전용 34.7평]
서울특별시 노원구 공릉동 737 삼익아파트 제103동 제6층 제605호,서울특별시 노원구,455000000,[전용 34.7평]
서울특별시 성북구 정릉동 1018외 1필지 태영아파트 제101동 제12층 제1208호,서울특별시 성북구,440000000,[전용 34.7평]
서울특별시 성북구 삼선동2가 420 삼선현대힐스테이트 제101동 제11층 제1105호,서울특별시 성북구,426600000,[전용 34.7평]
서울특별시 도봉구 도봉동 642 현대성우아파트 제101동 제7층 제710호,서울특별시 도봉구,390000000,[전용 34.7평]
서울특별시 성북구 정릉동 1021 정릉대우아파트 제102동 제9층 제903호,서울특별시 성북구,372000000,[전용 34.7평]
서울특별시 금천구 시흥동 1013 벽산아파트 제501동 제8층 제801호,서울특별시 금천구,350400000,[전용 34.7평]
서울특별시 금천구 시흥동 1013 벽산아파트 제513동 제12층 제1204호,서울특별시 금천구,350400000,[전용 34.7평]
서울특별시 구로구 구로동 1259 구일우성아파트 제208동 제9층 제901호,서울특별시 구로구,864000000,[전용 34.6평]
서울특별시 강서구 방화동 863외 1필지 마곡현대아파트 제203동 제6층 제604호,서울특별시 강서구,810000000,[전용 34.6평]
서울특별시 강서구 방화동 863외 1필지 마곡현대아파트 제203동 제2층 제204호,서울특별시 강서구,750000000,[전용 34.6평]
서울특별시 노원구 상계동 1285 동아불암아파트 제102동 제5층 제508호,서울특별시 노원구,708000000,[전용 34.6평]
서울특별시 구로구 개봉동 470 삼환아파트 제106동 제13층 제1302호,서울특별시 구로구,560000000,[전용 34.6평]
서울특별시 금천구 시흥동 5-13외 1필지 삼익아파트 제106동 제19층 제1902호,서울특별시 금천구,560000000,[전용 34.6평]
서울특별시 구로구 개봉동 470 삼환아파트 제106동 제21층 제2105호,서울특별시 구로구,553000000,[전용 34.6평]
서울특별시 구로구 구로동 1259 구일우성아파트 제202동 제1층 제101호,서울특별시 구로구,528000000,[전용 34.6평]
서울특별시 구로구 개봉동 470 삼환아파트 제106동 제21층 제2105호,서울특별시 구로구,513000000,[전용 34.6평]
서울특별시 구로구 개봉동 470 삼환아파트 제106동 제21층 제2105호,서울특별시 구로구,500000000,[전용 34.6평]
서울특별시 금천구 시흥동 5-13외 1필지 삼익아파트 제105동 제4층 제401호,서울특별시 금천구,425000000,[전용 34.6평]
서울특별시 금천구 시흥동 5-13외 1필지 삼익아파트 제106동 제16층 제1602호,서울특별시 금천구,392000000,[전용 34.6평]
서울특별시 금천구 시흥동 5-13외 1필지 삼익아파트 제110동 제8층 제802호,서울특별시 금천구,345600000,[전용 34.6평]
서울특별시 강북구 미아동 812 삼성래미안트리베라아파트 제215동 제15층 제1502호,서울특별시 강북구,811000000,[전용 34.5평]
서울특별시 노원구 공릉동 705 동부아파트 제103동 제14층 제1401호,서울특별시 노원구,459000000,[전용 34.5평]
서울특별시 은평구 역촌동 232외 1필지 역촌센트레빌아파트 제103동 제5층 제503호,서울특별시 은평구,430400000,[전용 34.5평]
서울특별시 성북구 동선동1가 121-6 코아루센타시아 제7층 제101-701호,서울특별시 성북구,432000000,[전용 34.4평]
서울특별시 성북구 동선동1가 121-6 코아루센타시아 제8층 제101-801호,서울특별시 성북구,432000000,[전용 34.4평]
서울특별시 마포구 도화동 353 현대홈타운 제202동 제9층 제903호,서울특별시 마포구,768800000,[전용 34.3평]
서울특별시 강서구 방화동 871 방신서광아파트 제102동 제5층 제504호,서울특별시 강서구,672000000,[전용 34.3평]
서울특별시 노원구 하계동 354 학여울청구아파트 제107동 제6층 제602호,서울특별시 노원구,655000000,[전용 34.3평]
서울특별시 강서구 방화동 871 방신서광아파트 제102동 제2층 제202호,서울특별시 강서구,624000000,[전용 34.3평]
서울특별시 관악구 신림동 1714 삼성산주공아파트 제309동 제4층 제402호,서울특별시 관악구,440000000,[전용 34.3평]
서울특별시 구로구 오류동 338외 3필지 동부골든아파트 제202동 제10층 제1003호,서울특별시 구로구,430000000,[전용 34.3평]
서울특별시 구로구 오류동 338외 3필지 동부골든아파트 제202동 제10층 제1003호,서울특별시 구로구,381000000,[전용 34.3평]
서울특별시 강남구 논현동 47-10 라디안아파트 제2층 제201호,서울특별시 강남구,780000000,[전용 34.2평]
서울특별시 성북구 동선동1가 121-6 코아루센타시아 제7층 제101-704호,서울특별시 성북구,582000000,[전용 34.2평]
서울특별시 성북구 동선동1가 121-6 코아루센타시아 제6층 제101-604호,서울특별시 성북구,432000000,[전용 34.2평]
서울특별시 성북구 동선동1가 121-6 코아루센타시아 제8층 제101-804호,서울특별시 성북구,432000000,[전용 34.2평]
서울특별시 동대문구 장안동 378-3외 1필지 공감대아파트 제4층 제402호,서울특별시 동대문구,460000000,[전용 33평]
서울특별시 용산구 청파동3가 132-15 베르체아파트 제3층 제301호,서울특별시 용산구,815000000,[전용 33.9평]
서울특별시 동대문구 휘경동 109 휘경동롯데낙천대아파트 제101동 제11층 제1109호,서울특별시 동대문구,552000000,[전용 33.9평]
서울특별시 서대문구 홍제동 454 유원하나아파트 제104동 제17층 제1709호,서울특별시 서대문구,360000000,[전용 33.9평]
서울특별시 종로구 숭인동 76 롯데캐슬천지인 제24층 제천2402호,서울특별시 종로구,813000000,[전용 33.8평]
서울특별시 도봉구 창동 826 북한산한신휴플러스 제101동 제5층 제506호,서울특별시 도봉구,800000000,[전용 33.7평]
서울특별시 은평구 갈현동 537 갈현동현대아파트 제101동 제6층 제607호,서울특별시 은평구,760000000,[전용 33.7평]
서울특별시 도봉구 창동 826 북한산한신휴플러스 제101동 제5층 제506호,서울특별시 도봉구,586000000,[전용 33.7평]
"서울특별시 강동구 암사동 466-3 동진아파트 제9,10층 제904호 외1건",서울특별시 강동구,480000000,[전용 33.7평]
서울특별시 종로구 평창동 72 롯데아파트낙천대 제103동 제7층 제705호,서울특별시 종로구,621600000,[전용 33.4평]
서울특별시 서초구 방배동 488-2 리베하임 제6층 제601호,서울특별시 서초구,817000000,[전용 33.3평]
서울특별시 도봉구 창동 26 동아아파트 제6동 제15층 제1506호,서울특별시 도봉구,790000000,[전용 33.1평]
서울특별시 중랑구 면목동 581 대원칸타빌아파트 제104동 제9층 제901호,서울특별시 중랑구,625000000,[전용 32평]
서울특별시 성동구 마장동 768-1 안민빌딩 제7층 제702호,서울특별시 성동구,369600000,[전용 32.8평]
서울특별시 강동구 둔촌동 518-1 그랜드아파트 제2층 제205호,서울특별시 강동구,521000000,[전용 32.7평]
서울특별시 용산구 한남동 726-74외 1필지 남산맨션 제2층 제5호,서울특별시 용산구,735000000,[전용 32.6평]
"서울특별시 서초구 서초동 1427-7 한승미메이드 제가동 제5,6층 제502호 외1건",서울특별시 서초구,920000000,[전용 32.5평]
"서울특별시 서초구 서초동 1427-7 한승미메이드 제가동 제5,6층 제502호 외1건",서울특별시 서초구,790000000,[전용 32.5평]
서울특별시 영등포구 문래동6가 43 한신아파트 제1동 제2층 제205호,서울특별시 영등포,660000000,[전용 32.5평]
서울특별시 중랑구 묵동 20 신내대림아파트 제510동 제4층 제403호,서울특별시 중랑구,577000000,[전용 32.4평]
서울특별시 강남구 역삼동 656-32 역삼동그린비아파트 제2층 제201호,서울특별시 강남구,727000000,[전용 32.3평]
서울특별시 은평구 녹번동 279-1 해주드림빌 제101동 제14층 제1402호,서울특별시 은평구,542000000,[전용 32.2평]
서울특별시 노원구 상계동 996-16 삼성아파트 제7층 제701호,서울특별시 노원구,332000000,[전용 32.2평]
서울특별시 강동구 천호동 52-17외 2필지 태천해오름아파트 제5층 제501호,서울특별시 강동구,560000000,[전용 32.1평]
서울특별시 강동구 둔촌동 426 세양청마루아파트 제7층 제705호,서울특별시 강동구,670000000,[전용 31평]
서울특별시 관악구 신림동 1694 신림현대아파트 제110동 제14층 제1403호,서울특별시 관악구,690000000,[전용 31.9평]
서울특별시 서대문구 연희동 51-151 충우아파트 제2층 제202호,서울특별시 서대문구,300160000,[전용 31.9평]
서울특별시 서대문구 홍은동 463 홍은동 동원 베네스트 제105동 제3층 제403호,서울특별시 서대문구,664000000,[전용 31.8평]
서울특별시 강서구 화곡동 1091 화곡푸르지오 제143동 제2층 제202호,서울특별시 강서구,785000000,[전용 31.7평]
서울특별시 강서구 화곡동 1091 화곡푸르지오 제143동 제6층 제602호,서울특별시 강서구,699200000,[전용 31.7평]
서울특별시 강서구 화곡동 1091 화곡푸르지오 제142동 제15층 제1501호,서울특별시 강서구,640800000,[전용 31.7평]
서울특별시 성북구 정릉동 1024 피오레아파트 제101동 제9층 제901호,서울특별시 성북구,325120000,[전용 31.7평]
서울특별시 동대문구 청량리동 235-11 미주아파트 제4동 제1층 제106호,서울특별시 동대문구,880000000,[전용 31.6평]
서울특별시 강동구 암사동 488-10 다성이즈빌아파트 제5층 제504호,서울특별시 강동구,560000000,[전용 31.6평]
서울특별시 강동구 암사동 488-10 다성이즈빌아파트 제5층 제504호,서울특별시 강동구,432000000,[전용 31.6평]
서울특별시 양천구 신월동 488-3 남영시티빌 제3층 제301호,서울특별시 양천구,410000000,[전용 31.5평]
서울특별시 강서구 화곡동 1091 화곡푸르지오 제132동 제3층 제302호,서울특별시 강서구,629600000,[전용 31.4평]
서울특별시 동작구 흑석동 97-2외 1필지 명수대아파트 제3층 제302호,서울특별시 동작구,490000000,[전용 31.1평]
서울특별시 관악구 봉천동 1618-27외 5필지 새진3차아파트 제6층 제601호,서울특별시 관악구,420000000,[전용 30평]
서울특별시 송파구 거여동 291 효성아파트 제208동 제4층 제401호,서울특별시 송파구,950000000,[전용 30.8평]
서울특별시 도봉구 창동 825 북한산아이파크 제524동 제21층 제2102호,서울특별시 도봉구,892000000,[전용 30.8평]
서울특별시 중랑구 묵동 387 브라운스톤태릉아파트 제101동 제9층 제903호,서울특별시 중랑구,746000000,[전용 30.8평]
서울특별시 노원구 중계동 366 신동아중계동아파트 제117동 제1층 제101호,서울특별시 노원구,736000000,[전용 30.8평]
서울특별시 동대문구 답십리동 10 동아아파트 제102동 제2층 제205호,서울특별시 동대문구,562000000,[전용 30.8평]
서울특별시 동대문구 청량리동 235-11 미주아파트 제2동 제3층 제305호,서울특별시 동대문구,980000000,[전용 30.7평]
서울특별시 은평구 진관동 84 은평뉴타운우물골 제227동 제3층 제301호,서울특별시 은평구,705000000,[전용 30.7평]
서울특별시 강동구 성내동 542 노블네스트 제2층 제202호,서울특별시 강동구,700000000,[전용 30.7평]
서울특별시 마포구 성산동 114-3 성일아파트 제6층 제601호,서울특별시 마포구,514000000,[전용 30.6평]
서울특별시 양천구 신월동 475 서울가든아파트 제1동 제10층 제1006호,서울특별시 양천구,501000000,[전용 30.5평]
서울특별시 양천구 신월동 475 서울가든아파트 제1동 제10층 제1006호,서울특별시 양천구,422000000,[전용 30.5평]
서울특별시 양천구 신월동 475 서울가든아파트 제1동 제10층 제1006호,서울특별시 양천구,370000000,[전용 30.5평]
서울특별시 서대문구 북아현동 187-14 북아현아파트 제6층 제602호,서울특별시 서대문구,448000000,[전용 30.3평]
서울특별시 영등포구 여의도동 36 롯데캐슬엠파이어 제32층 제102-3202호,서울특별시 영등포,1000000000,[전용 30.2평]
서울특별시 강동구 고덕동 470 고덕대우아파트 제2동 제4층 제401호,서울특별시 강동구,558000000,[전용 29평]
서울특별시 서대문구 대현동 101-7외 8필지 제16층 제1605호,서울특별시 서대문구,472000000,[전용 29.9평]
서울특별시 송파구 풍납동 219 미성맨션 제2동 제3층 제310호,서울특별시 송파구,686000000,[전용 29.7평]
서울특별시 강동구 성내동 386-82 비앤비아파트 제102동 제3층 제303호,서울특별시 강동구,709000000,[전용 29.6평]
서울특별시 서초구 서초동 1471-15 엘리제아파트 제4층 제402호,서울특별시 서초구,786000000,[전용 29.5평]
서울특별시 양천구 목동 549외 8필지 목동금호베스트빌 제103동 제6층 제604호,서울특별시 양천구,708000000,[전용 29.3평]
서울특별시 송파구 가락동 97-8 이연파레스 제8층 제802호,서울특별시 송파구,583000000,[전용 29.3평]
서울특별시 영등포구 신길동 456-93 다울아파트 제102동 제7층 제701호,서울특별시 영등포,568000000,[전용 29.1평]
서울특별시 강동구 천호동 447-17 강동역신동아파밀리에 제1102동 제36층 제3601호,서울특별시 강동구,894000000,[전용 28.6평]
서울특별시 강동구 성내동 419-13 성내동아1차아파트 제8층 제802호,서울특별시 강동구,601000000,[전용 28.3평]
서울특별시 용산구 한남동 726-74외 1필지 남산맨션 제2층 제3호,서울특별시 용산구,660000000,[전용 28.2평]
서울특별시 노원구 공릉동 492-3 서진프라자아파트 제5층 제503호,서울특별시 노원구,310000000,[전용 28.1평]
서울특별시 용산구 이촌동 301-155외 1필지 이촌 두산위브트레지움 제13층 제1303호,서울특별시 용산구,630000000,[전용 27평]
서울특별시 은평구 증산동 162-20 자선메르시안아파트 제7층 제701호,서울특별시 은평구,313600000,[전용 27.4평]
서울특별시 도봉구 방학동 304-12 바른체아파트 제2층 제207호,서울특별시 도봉구,350400000,[전용 27.3평]
서울특별시 금천구 독산동 1093-4외 3필지 한신아파트 제13동 제6층 제602호,서울특별시 금천구,602000000,[전용 27.1평]
서울특별시 금천구 독산동 1093-4외 3필지 한신아파트 제11동 제17층 제1703호,서울특별시 금천구,470000000,[전용 27.1평]
서울특별시 금천구 독산동 1093-4외 3필지 한신아파트 제13동 제6층 제602호,서울특별시 금천구,442000000,[전용 27.1평]
서울특별시 용산구 이촌동 301-10 로얄맨숀아파트 제지1층 제12호,서울특별시 용산구,420000000,[전용 26평]
서울특별시 동대문구 휘경동 49-5 서울가든 제8층 제811호,서울특별시 동대문구,372000000,[전용 26평]
서울특별시 동대문구 휘경동 49-5 서울가든 제8층 제811호,서울특별시 동대문구,352000000,[전용 26평]
서울특별시 동대문구 휘경동 49-5 서울가든아파트 제8층 제811호,서울특별시 동대문구,352000000,[전용 26평]
서울특별시 송파구 송파동 20-10외 1필지 에스탑아파트 제2층 제202호,서울특별시 송파구,643000000,[전용 26.8평]
서울특별시 서초구 서초동 1321-6 서초동아타워 제11층 제1104호,서울특별시 서초구,461600000,[전용 26.8평]
서울특별시 영등포구 당산동3가 559 당산동쌍용예가클래식 제103동 제8층 제804호,서울특별시 영등포,863000000,[전용 26.6평]
서울특별시 노원구 상계동 766-1 미도아파트 제103동 제1층 제104호,서울특별시 노원구,704000000,[전용 26.5평]
서울특별시 노원구 상계동 766-1 미도아파트 제101동 제15층 제1511호,서울특별시 노원구,697000000,[전용 26.5평]
서울특별시 마포구 망원동 433-9외 1필지 망원동미원2차아파트 제4층 제403호,서울특별시 마포구,850000000,[전용 26.1평]
서울특별시 영등포구 당산동3가 394 삼익아파트 제1동 제11층 제1102호,서울특별시 영등포,694000000,[전용 25평]
서울특별시 강서구 염창동 249-11 염창현대2차아파트 제201동 제9층 제903호,서울특별시 강서구,437600000,[전용 25평]
서울특별시 송파구 문정동 1외 2필지 문정래미안아파트 제128동 제20층 제2004호,서울특별시 송파구,1000000000,[전용 25.7평]
서울특별시 서초구 방배동 957-7 대성아파트 제8층 제805호,서울특별시 서초구,995000000,[전용 25.7평]
서울특별시 강서구 등촌동 715 등촌동아이파크 제101동 제6층 제603호,서울특별시 강서구,973000000,[전용 25.7평]
서울특별시 영등포구 영등포동7가 46-1 경남아너스빌 제107동 제21층 제2101호,서울특별시 영등포,965000000,[전용 25.7평]
서울특별시 광진구 광장동 250외 1필지 광장동신동아파밀리에 제105동 제12층 제1202호,서울특별시 광진구,962000000,[전용 25.7평]
서울특별시 마포구 공덕동 371 공덕삼성아파트 제104동 제22층 제2201호,서울특별시 마포구,950000000,[전용 25.7평]
서울특별시 강서구 화곡동 1159 우장산아이파크이편한세상 제126동 제10층 제1002호,서울특별시 강서구,936000000,[전용 25.7평]
서울특별시 마포구 창전동 438 신촌금호아파트 제103동 제6층 제701호,서울특별시 마포구,905000000,[전용 25.7평]
서울특별시 서초구 우면동 789 엘에이치서초5단지 제503동 제3층 제306호,서울특별시 서초구,904000000,[전용 25.7평]
서울특별시 강서구 가양동 1500 강서한강자이 제107동 제13층 제1303호,서울특별시 강서구,901000000,[전용 25.7평]
서울특별시 동작구 대방동 501 대림아파트 제107동 제12층 제1206호,서울특별시 동작구,900000000,[전용 25.7평]
서울특별시 성북구 동소문동7가 23외 2필지 동소문2차한신휴플러스 제124동 제18층 제1806호,서울특별시 성북구,900000000,[전용 25.7평]
서울특별시 영등포구 문래동4가 43 문래동삼환아파트 제102동 제5층 제502호,서울특별시 영등포,900000000,[전용 25.7평]
서울특별시 강서구 가양동 1500 강서한강자이 제107동 제16층 제1601호,서울특별시 강서구,896000000,[전용 25.7평]
서울특별시 성북구 하월곡동 226 월곡래미안루나밸리 제108동 제8층 제804호,서울특별시 성북구,890000000,[전용 25.7평]
서울특별시 동작구 동작동 331 동작동금강케이씨씨아파트 제104동 제14층 제1401호,서울특별시 동작구,888000000,[전용 25.7평]
서울특별시 강남구 신사동 658외 1필지 로데오현대아파트 제101동 제7층 제709호,서울특별시 강남구,886000000,[전용 25.7평]
서울특별시 동작구 대방동 501 대림아파트 제101동 제2층 제206호,서울특별시 동작구,880000000,[전용 25.7평]
서울특별시 송파구 방이동 212-8외 1필지 코오롱아파트 제103동 제3층 제307호,서울특별시 송파구,879000000,[전용 25.7평]
서울특별시 강동구 암사동 413 프라이어팰리스 제118동 제10층 제1003호,서울특별시 강동구,875000000,[전용 25.7평]
서울특별시 광진구 자양동 670외 1필지 자양현대3차아파트 제301동 제8층 제806호,서울특별시 광진구,872000000,[전용 25.7평]
서울특별시 강서구 염창동 306 염창힐스테이트 제101동 제13층 제1305호,서울특별시 강서구,870000000,[전용 25.7평]
서울특별시 성동구 금호동1가 633 벽산아파트 제101동 제4층 제404호,서울특별시 성동구,869000000,[전용 25.7평]
서울특별시 도봉구 창동 45 삼성아파트 제110동 제19층 제1903호,서울특별시 도봉구,862000000,[전용 25.7평]
서울특별시 강서구 마곡동 750 마곡엠밸리14단지 제1401동 제3층 제302호,서울특별시 강서구,848000000,[전용 25.7평]
서울특별시 동작구 상도동 533 상도엠코타운애스톤파크 제208동 제14층 제1401호,서울특별시 동작구,840000000,[전용 25.7평]
서울특별시 은평구 녹번동 281 북한산푸르지오 제313동 제6층 제602호,서울특별시 은평구,825000000,[전용 25.7평]
서울특별시 강남구 역삼동 831-45 에스케이허브젠 제2층 제202호,서울특별시 강남구,810000000,[전용 25.7평]
서울특별시 노원구 하계동 270 현대아파트 제102동 제15층 제1503호,서울특별시 노원구,810000000,[전용 25.7평]
서울특별시 성북구 석관동 410 래미안아트리치 제106동 제17층 제1704호,서울특별시 성북구,810000000,[전용 25.7평]
서울특별시 서대문구 남가좌동 381외 1필지 디엠씨센트레빌 제204동 제4층 제404호,서울특별시 서대문구,805000000,[전용 25.7평]
서울특별시 성북구 돈암동 644 돈암코오롱하늘채 제102동 제6층 제601호,서울특별시 성북구,796000000,[전용 25.7평]
서울특별시 은평구 불광동 645 불광롯데캐슬 제101동 제4층 제404호,서울특별시 은평구,795000000,[전용 25.7평]
서울특별시 영등포구 양평동5가 76외 2필지 양평동한신아파트 제109동 제13층 제1304호,서울특별시 영등포,794000000,[전용 25.7평]
서울특별시 구로구 고척동 342 벽산베스트블루밍아파트 제103동 제4층 제402호,서울특별시 구로구,790000000,[전용 25.7평]
서울특별시 노원구 공릉동 725외 2필지 풍림아파트 제113동 제3층 제304호,서울특별시 노원구,790000000,[전용 25.7평]
서울특별시 영등포구 당산동4가 88외 1필지 당산현대아파트 제106동 제6층 제601호,서울특별시 영등포,783000000,[전용 25.7평]
서울특별시 성동구 금호동2가 1217 래미안하이리버 제105동 제15층 제1502호,서울특별시 성동구,780800000,[전용 25.7평]
서울특별시 영등포구 영등포동 647외 1필지 영등포푸르지오 제215동 제2층 제201호,서울특별시 영등포,775000000,[전용 25.7평]
서울특별시 중랑구 상봉동 497 태영아파트상봉동데시앙 제1407동 제8층 제801호,서울특별시 중랑구,773600000,[전용 25.7평]
서울특별시 마포구 아현동 732 삼환나띠르빌 제101동 제5층 제503호,서울특별시 마포구,771200000,[전용 25.7평]
서울특별시 동작구 상도동 527 브라운스톤 상도아파트 제108동 제13층 제1302호,서울특별시 동작구,770000000,[전용 25.7평]
서울특별시 성북구 돈암동 609-1 한진아파트 제208동 제9층 제904호,서울특별시 성북구,768000000,[전용 25.7평]
서울특별시 강서구 등촌동 701 등촌진로아파트 제107동 제3층 제302호,서울특별시 강서구,765000000,[전용 25.7평]
서울특별시 강남구 역삼동 729-37 명인갤러리 제2층 제202호,서울특별시 강남구,760000000,[전용 25.7평]
서울특별시 구로구 고척동 339 고척파크푸르지오아파트 제104동 제8층 제802호,서울특별시 구로구,760000000,[전용 25.7평]
서울특별시 영등포구 영등포동 647외 1필지 영등포푸르지오 제209동 제13층 제1302호,서울특별시 영등포,754000000,[전용 25.7평]
서울특별시 노원구 상계동 995 한신아파트 제5동 제12층 제1203호,서울특별시 노원구,750000000,[전용 25.7평]
서울특별시 중랑구 면목동 1529 경남아너스빌 제102동 제13층 제1302호,서울특별시 중랑구,750000000,[전용 25.7평]
서울특별시 관악구 봉천동 1698-1외 5필지 보라매삼성아파트 제107동 제9층 제905호,서울특별시 관악구,747000000,[전용 25.7평]
서울특별시 영등포구 신길동 897-1외 1필지 삼환아파트 제106동 제2층 제203호,서울특별시 영등포,744000000,[전용 25.7평]
서울특별시 성동구 마장동 820 금호어울림아파트 제101동 제15층 제1502호,서울특별시 성동구,743000000,[전용 25.7평]
서울특별시 강북구 미아동 813외 1필지 래미안트리베라1차 제106동 제13층 제1304호,서울특별시 강북구,742000000,[전용 25.7평]
서울특별시 강북구 미아동 811외 1필지 두산위브트레지움아파트 제202동 제18층 제1803호,서울특별시 강북구,740000000,[전용 25.7평]
서울특별시 성북구 하월곡동 226 월곡래미안루나밸리 제108동 제8층 제804호,서울특별시 성북구,740000000,[전용 25.7평]
서울특별시 영등포구 양평동3가 101 양평동6차현대아파트 제601동 제9층 제903호,서울특별시 영등포,740000000,[전용 25.7평]
서울특별시 중구 황학동 2545 롯데캐슬베네치아 제105동 제8층 제810호,서울특별시 중구,739000000,[전용 25.7평]
서울특별시 관악구 봉천동 1712 관악드림타운 제141동 제8층 제802호,서울특별시 관악구,736000000,[전용 25.7평]
서울특별시 구로구 신도림동 647 신도림5차이-편한세상 제702동 제13층 제1302호,서울특별시 구로구,734000000,[전용 25.7평]
서울특별시 관악구 봉천동 1727 관악 한일 유앤아이 제101동 제3층 제307호,서울특별시 관악구,730000000,[전용 25.7평]
서울특별시 영등포구 문래동5가 23-1 문래현대5차아파트 제502동 제8층 제803호,서울특별시 영등포,729000000,[전용 25.7평]
서울특별시 노원구 중계동 587 양지대림아파트 제103동 제7층 제702호,서울특별시 노원구,728000000,[전용 25.7평]
서울특별시 동대문구 장안동 336외 1필지 장안현대홈타운 제117동 제21층 제2101호,서울특별시 동대문구,727000000,[전용 25.7평]
서울특별시 동작구 상도동 414외 1필지 건영아파트 제105동 제18층 제1802호,서울특별시 동작구,727000000,[전용 25.7평]
서울특별시 동작구 흑석동 328 흑석동양아파트 제106동 제13층 제1304호,서울특별시 동작구,726000000,[전용 25.7평]
서울특별시 성동구 행당동 344외 3필지 신동아아파트 제4동 제10층 제1002호,서울특별시 성동구,725000000,[전용 25.7평]
서울특별시 강서구 내발산동 756 마곡수명산파크7단지 제709동 제2층 제203호,서울특별시 강서구,721000000,[전용 25.7평]
서울특별시 성동구 마장동 822 마장동신성미소지움 제102동 제14층 제1401호,서울특별시 성동구,720000000,[전용 25.7평]
서울특별시 성북구 동소문동7가 23외 2필지 동소문2차한신휴플러스 제124동 제18층 제1806호,서울특별시 성북구,713000000,[전용 25.7평]
서울특별시 노원구 중계동 360-15 건영아파트 제307동 제5층 제503호,서울특별시 노원구,710000000,[전용 25.7평]
서울특별시 성북구 돈암동 609-1 한진아파트 제210동 제4층 제402호,서울특별시 성북구,710000000,[전용 25.7평]
서울특별시 성북구 동소문동7가 23외 2필지 동소문2차한신휴플러스 제124동 제18층 제1806호,서울특별시 성북구,705000000,[전용 25.7평]
서울특별시 성북구 보문동3가 230 이편한세상보문 제105동 제3층 제302호,서울특별시 성북구,700000000,[전용 25.7평]
서울특별시 관악구 봉천동 1708외 1필지 두산아파트 제114동 제3층 제303호,서울특별시 관악구,695000000,[전용 25.7평]
서울특별시 성북구 하월곡동 222 월곡두산위브아파트 제125동 제3층 제304호,서울특별시 성북구,692800000,[전용 25.7평]
서울특별시 서대문구 홍제동 455 현대그린아파트 제102동 제6층 제604호,서울특별시 서대문구,690000000,[전용 25.7평]
서울특별시 양천구 신정동 1252외 6필지 현대아파트 제101동 제20층 제2002호,서울특별시 양천구,688000000,[전용 25.7평]
서울특별시 동대문구 장안동 336외 1필지 장안현대홈타운 제114동 제21층 제2104호,서울특별시 동대문구,684000000,[전용 25.7평]
서울특별시 강북구 미아동 813외 1필지 래미안트리베라1차 제107동 제3층 제301호,서울특별시 강북구,681000000,[전용 25.7평]
서울특별시 성북구 하월곡동 229 길음서희스타힐스 제6층 제607호,서울특별시 성북구,680000000,[전용 25.7평]
서울특별시 영등포구 문래동4가 67 리버뷰신안인스빌 제101동 제3층 제303호,서울특별시 영등포,680000000,[전용 25.7평]
서울특별시 성북구 안암동1가 361 래미안안암 제107동 제6층 제601호,서울특별시 성북구,674000000,[전용 25.7평]
서울특별시 중랑구 상봉동 63외 6필지 건영2차아파트 제214동 제7층 제702호,서울특별시 중랑구,672000000,[전용 25.7평]
서울특별시 마포구 창전동 442 서강한화오벨리스크스위트 제102동 제1402호,서울특별시 마포구,670000000,[전용 25.7평]
서울특별시 서대문구 홍제동 453 무악청구아파트 제110동 제8층 제802호,서울특별시 서대문구,670000000,[전용 25.7평]
서울특별시 성북구 석관동 407 래미안석관 제112동 제3층 제302호,서울특별시 성북구,670000000,[전용 25.7평]
서울특별시 영등포구 영등포동 647외 1필지 영등포푸르지오 제208동 제2층 제202호,서울특별시 영등포,664000000,[전용 25.7평]
서울특별시 중구 신당동 844외 1필지 남산타운아파트 제9동 제9층 제903호,서울특별시 중구,662400000,[전용 25.7평]
서울특별시 노원구 상계동 463외 1필지 상계신동아아파트 제102동 제8층 제802호,서울특별시 노원구,660000000,[전용 25.7평]
서울특별시 서대문구 홍제동 463 문화촌현대아파트 제103동 제12층 제1212호,서울특별시 서대문구,660000000,[전용 25.7평]
서울특별시 성북구 정릉동 1028 정릉이편한세상 제102동 제7층 제701호,서울특별시 성북구,656000000,[전용 25.7평]
서울특별시 금천구 시흥동 1013 벽산아파트 제513동 제19층 제1901호,서울특별시 금천구,655000000,[전용 25.7평]
서울특별시 강동구 성내동 419-13 성내동아1차아파트 제8층 제806호,서울특별시 강동구,652000000,[전용 25.7평]
서울특별시 영등포구 당산동4가 88외 1필지 당산현대아파트 제106동 제4층 제403호,서울특별시 영등포,650000000,[전용 25.7평]
서울특별시 은평구 진관동 13 은평뉴타운 상림마을 제707동 제5층 제504호,서울특별시 은평구,649000000,[전용 25.7평]
서울특별시 구로구 개봉동 492 개봉푸르지오아파트 제104동 제21층 제2101호,서울특별시 구로구,646000000,[전용 25.7평]
서울특별시 강동구 천호동 19-1외 4필지 천호우성아파트 제5동 제4층 제405호,서울특별시 강동구,644000000,[전용 25.7평]
서울특별시 금천구 독산동 1143 금천이랜드해가든아파트 제103동 제8층 제802호,서울특별시 금천구,644000000,[전용 25.7평]
서울특별시 서대문구 홍제동 459 홍제원현대아파트 제106동 제15층 제1504호,서울특별시 서대문구,641000000,[전용 25.7평]
서울특별시 강북구 번동 410 수유역두산위브아파트1 제101동 제14층 제1403호,서울특별시 강북구,640000000,[전용 25.7평]
서울특별시 노원구 월계동 927 월계2차한일아파트 제201동 제4층 제409호,서울특별시 노원구,640000000,[전용 25.7평]
서울특별시 관악구 봉천동 1698-1외 5필지 보라매삼성아파트 제104동 제2층 제204호,서울특별시 관악구,639000000,[전용 25.7평]
서울특별시 노원구 월계동 950 녹천역두산위브아파트 제108동 제7층 제705호,서울특별시 노원구,633600000,[전용 25.7평]
서울특별시 강서구 염창동 268외 3필지 관음삼성아파트 제102동 제13층 제1302호,서울특별시 강서구,628000000,[전용 25.7평]
서울특별시 마포구 성산동 597 성산동성아파트 제101동 제1층 제106호,서울특별시 마포구,625000000,[전용 25.7평]
서울특별시 중랑구 망우동 583 중랑숲리가아파트 제103동 제11층 제1101호,서울특별시 중랑구,625000000,[전용 25.7평]
서울특별시 강서구 화곡동 1145 우장산롯데캐슬 제105동 제3층 제302호,서울특별시 강서구,624000000,[전용 25.7평]
서울특별시 구로구 천왕동 281 천왕연지타운2단지 제213동 제16층 제1603호,서울특별시 구로구,622000000,[전용 25.7평]
서울특별시 중구 신당동 845외 1필지 한진그랑빌 제102동 제1층 제101호,서울특별시 중구,620000000,[전용 25.7평]
서울특별시 서대문구 홍은동 455 홍은벽산아파트 제115동 제4층 제401호,서울특별시 서대문구,616000000,[전용 25.7평]
서울특별시 동작구 노량진동 325 신동아리버파크 제703동 제17층 제1710호,서울특별시 동작구,615200000,[전용 25.7평]
서울특별시 강서구 가양동 1460 한강아파트 제101동 제2층 제204호,서울특별시 강서구,614000000,[전용 25.7평]
서울특별시 광진구 군자동 99외 2필지 일성파크아파트 제102동 제2층 제212호,서울특별시 광진구,611000000,[전용 25.7평]
서울특별시 노원구 중계동 592 벽산아파트 제102동 제18층 제1804호,서울특별시 노원구,611000000,[전용 25.7평]
서울특별시 양천구 신정동 336 청구아파트 제101-2동(벽면표기:102동) 제5층 제501호,서울특별시 양천구,610000000,[전용 25.7평]
서울특별시 동대문구 이문동 425외 1필지 이문삼성래미안아파트 제104동 제15층 제1504호,서울특별시 동대문구,608000000,[전용 25.7평]
서울특별시 성북구 정릉동 1032 정릉2차 대주피오레 제202동 제4층 제401호,서울특별시 성북구,604000000,[전용 25.7평]
서울특별시 동대문구 휘경동 365 휘경동일하이빌 제106동 제15층 제1501호,서울특별시 동대문구,602000000,[전용 25.7평]
서울특별시 송파구 마천동 304외 1필지 마천금호아파트 제101동 제8층 제807호,서울특별시 송파구,600000000,[전용 25.7평]
서울특별시 중랑구 신내동 816 신내우디안1단지 제101동 제8층 제802호,서울특별시 중랑구,600000000,[전용 25.7평]
서울특별시 송파구 가락동 55 가락현대아파트 제102동 제5층 제507호,서울특별시 송파구,599200000,[전용 25.7평]
서울특별시 강서구 공항동 1374 강서센트레빌4차 제102동 제4층 제407호,서울특별시 강서구,598000000,[전용 25.7평]
서울특별시 구로구 신도림동 647 신도림5차이-편한세상 제704동 제15층 제1504호,서울특별시 구로구,596800000,[전용 25.7평]
서울특별시 동작구 상도동 421 래미안상도2차아파트 제204동 제8층 제801호,서울특별시 동작구,596000000,[전용 25.7평]
서울특별시 동작구 노량진동 325 신동아리버파크 제707동 제1층 제109호,서울특별시 동작구,590400000,[전용 25.7평]
서울특별시 중구 황학동 882 황학동코아루 제9층 제102-902호,서울특별시 중구,590000000,[전용 25.7평]
서울특별시 강서구 방화동 863외 1필지 마곡현대아파트 제201동 제3층 제304호,서울특별시 강서구,589000000,[전용 25.7평]
서울특별시 강동구 성내동 435-7 광남캐스빌아파트 제5층 제501호,서울특별시 강동구,588000000,[전용 25.7평]
서울특별시 동작구 사당동 1143 남해오네뜨아파트 제5층 제502호,서울특별시 동작구,587200000,[전용 25.7평]
서울특별시 강동구 명일동 332외 1필지 명일엘지아파트 제101동 제16층 제1615호,서울특별시 강동구,587000000,[전용 25.7평]
서울특별시 강동구 천호동 333-55 천호이-편한세상 제101동 제7층 제701호,서울특별시 강동구,585000000,[전용 25.7평]
서울특별시 광진구 구의동 660 구의동현진에버빌아파트 제101동 제5층 제506호,서울특별시 광진구,584000000,[전용 25.7평]
서울특별시 강서구 화곡동 1145 우장산롯데캐슬 제101동 제15층 제1502호,서울특별시 강서구,582400000,[전용 25.7평]
서울특별시 노원구 중계동 587 양지대림아파트 제103동 제7층 제702호,서울특별시 노원구,582400000,[전용 25.7평]
서울특별시 강서구 등촌동 628-15외 2필지 라인아파트 제102동 제17층 제1702호,서울특별시 강서구,580000000,[전용 25.7평]
서울특별시 구로구 구로동 42 엘지신도림자이아파트101동 제6층 제601호,서울특별시 구로구,580000000,[전용 25.7평]
서울특별시 동대문구 휘경동 57 주공아파트 제113동 제3층 제303호,서울특별시 동대문구,580000000,[전용 25.7평]
서울특별시 성북구 길음동 1280 길음뉴타운 제221동 제18층 제1802호,서울특별시 성북구,579200000,[전용 25.7평]
서울특별시 관악구 신림동 1735 관악산휴먼시아 제205동 제7층 제702호,서울특별시 관악구,575000000,[전용 25.7평]
서울특별시 양천구 신정동 1306 세양청마루아파트 제106동 제2층 제203호,서울특별시 양천구,575000000,[전용 25.7평]
서울특별시 노원구 공릉동 743 공릉동 한보에센시티아파트 제103동 제13층 제1302호,서울특별시 노원구,573000000,[전용 25.7평]
서울특별시 은평구 불광동 633외 1필지 북한산현대홈타운아파트 제107동 제8층 제806호,서울특별시 은평구,573000000,[전용 25.7평]
서울특별시 중랑구 망우동 577 예성그린캐슬아파트 제101동 제5층 제501호,서울특별시 중랑구,572000000,[전용 25.7평]
서울특별시 구로구 개봉동 489 개봉동아이파크 제101동 제2층 제204호,서울특별시 구로구,570000000,[전용 25.7평]
서울특별시 노원구 중계동 583 중계동금호타운 제103동 제11층 제1106호,서울특별시 노원구,570000000,[전용 25.7평]
서울특별시 중랑구 신내동 479외 1필지 중앙하이츠아파트 제3동 제15층 제1502호,서울특별시 중랑구,569000000,[전용 25.7평]
서울특별시 구로구 신도림동 639 우성아파트 제203동 제7층 제703호,서울특별시 구로구,568000000,[전용 25.7평]
서울특별시 동대문구 휘경동 57 주공아파트 제107동 제3층 제305호,서울특별시 동대문구,565000000,[전용 25.7평]
서울특별시 성동구 마장동 817 삼성아파트 제104동 제18층 제1802호,서울특별시 성동구,563200000,[전용 25.7평]
서울특별시 강동구 암사동 503-6 대은팰리스뷰 제102동 제3층 제303호,서울특별시 강동구,563000000,[전용 25.7평]
서울특별시 마포구 공덕동 111-416 로즈빌아파트 제비동 제2층 제202호,서울특별시 마포구,563000000,[전용 25.7평]
서울특별시 은평구 증산동 244 우방아파트 제103동 제11층 제1101호,서울특별시 은평구,560000000,[전용 25.7평]
서울특별시 중구 신당동 290-90 청구드림아파트 제2층 제201호,서울특별시 중구,560000000,[전용 25.7평]
서울특별시 관악구 봉천동 1706 관악우성아파트 제102동 제5층 제501호,서울특별시 관악구,557600000,[전용 25.7평]
서울특별시 강서구 화곡동 1158 우장산 에스케이 뷰 제101동 제11층 제1105호,서울특별시 강서구,553000000,[전용 25.7평]
서울특별시 도봉구 방학동 508 우성2차아파트 제105동 제6층 제607호,서울특별시 도봉구,550000000,[전용 25.7평]
서울특별시 강동구 천호동 47-24 천호1차우림루미아트 제101동 제10층 제1003호,서울특별시 강동구,549000000,[전용 25.7평]
서울특별시 은평구 녹번동 280-1 녹번제이알아파트 제102동 제3층 제301호,서울특별시 은평구,549000000,[전용 25.7평]
서울특별시 강동구 강일동 670 강일리버파크 제509동 제1층 제104호,서울특별시 강동구,547000000,[전용 25.7평]
서울특별시 서대문구 홍은동 456 두산아파트 제102동 제10층 제1002호,서울특별시 서대문구,543000000,[전용 25.7평]
서울특별시 도봉구 창동 808 동아청솔아파트 제109동 제1층 제103호,서울특별시 도봉구,542400000,[전용 25.7평]
서울특별시 노원구 월계동 950 녹천역두산위브아파트 제102동 제9층 제901호,서울특별시 노원구,540000000,[전용 25.7평]
서울특별시 성북구 돈암동 642 돈암동해피트리아파트 제103동 제1층 제101호,서울특별시 성북구,540000000,[전용 25.7평]
서울특별시 노원구 중계동 606 중계한화꿈에그린더퍼스트 제101동 제7층 제701호,서울특별시 노원구,537600000,[전용 25.7평]
서울특별시 관악구 신림동 1716 청광아파트 제10층 제1003호,서울특별시 관악구,536000000,[전용 25.7평]
서울특별시 영등포구 신길동 4934외 1필지 삼성래미안아파트 제101동 제7층 제704호,서울특별시 영등포,536000000,[전용 25.7평]
서울특별시 도봉구 도봉동 30-1 도봉한신아파트 제117동 제3층 제303호,서울특별시 도봉구,534000000,[전용 25.7평]
서울특별시 성북구 정릉동 1028 정릉이편한세상 제102동 제3층 제301호,서울특별시 성북구,533000000,[전용 25.7평]
서울특별시 구로구 온수동 155 온수힐스테이트 제112동 제2층 제203호,서울특별시 구로구,532000000,[전용 25.7평]
서울특별시 성북구 정릉동 435외 1필지 중앙하이츠빌2단지 제206동 제5층 제501호,서울특별시 성북구,530000000,[전용 25.7평]
서울특별시 은평구 진관동 2 은평뉴타운 상림마을 제612동 제11층 제1101호,서울특별시 은평구,528000000,[전용 25.7평]
서울특별시 관악구 신림동 1563-82 한양아파트 제1동 제5층 제502호,서울특별시 관악구,523000000,[전용 25.7평]
서울특별시 영등포구 문래동6가 38-1 베어스타운아파트 제101동 제12층 제1202호,서울특별시 영등포,518000000,[전용 25.7평]
서울특별시 강서구 염창동 272-28 염창3차우성아파트 제302동 제1층 제106호,서울특별시 강서구,517600000,[전용 25.7평]
서울특별시 관악구 봉천동 1728 관악파크푸르지오 제103동 제1층 제101호,서울특별시 관악구,516000000,[전용 25.7평]
서울특별시 영등포구 영등포동 648 순영웰라이빌아파트 제101동 제15층 제1503호,서울특별시 영등포,515000000,[전용 25.7평]
서울특별시 강서구 염창동 264-27 삼성한아름아파트 제1층 제111호,서울특별시 강서구,510000000,[전용 25.7평]
서울특별시 도봉구 방학동 713외 6필지 브라운스톤방학아파트 제102동 제17층 제1701호,서울특별시 도봉구,510000000,[전용 25.7평]
서울특별시 도봉구 쌍문동 719외 1필지 현대아파트 제103동 제13층 제1306호,서울특별시 도봉구,506000000,[전용 25.7평]
서울특별시 서대문구 홍제동 455 현대그린아파트 제102동 제6층 제604호,서울특별시 서대문구,501000000,[전용 25.7평]
서울특별시 강서구 방화동 796외 1필지 신동아아파트 제2동 제7층 제705호,서울특별시 강서구,496000000,[전용 25.7평]
서울특별시 송파구 마천동 31-2외 1필지 솔렌시아아파트 제6층 제601호,서울특별시 송파구,496000000,[전용 25.7평]
서울특별시 구로구 개봉동 480 현대홈타운2단지 제210동 제13층 제1303호,서울특별시 구로구,495000000,[전용 25.7평]
서울특별시 관악구 남현동 1136외 1필지 남현동한일유앤아이아파트 제101동 제3층 제305호,서울특별시 관악구,492000000,[전용 25.7평]
서울특별시 노원구 중계동 578 현대그룹중계동주택조합2차아파트 제115동 제8층 제811호,서울특별시 노원구,491000000,[전용 25.7평]
서울특별시 도봉구 창동 814 대우그린아파트 제101동 제10층 제1004호,서울특별시 도봉구,488000000,[전용 25.7평]
서울특별시 구로구 오류동 343 금강수목원아파트 제103동 제4층 제407호,서울특별시 구로구,486400000,[전용 25.7평]
서울특별시 성북구 돈암동 603 돈암동더샾아파트 제104동 제7층 제703호,서울특별시 성북구,486400000,[전용 25.7평]
서울특별시 강동구 암사동 516-2외 3필지 한강리치팰리스 제5층 제501호,서울특별시 강동구,484000000,[전용 25.7평]
서울특별시 구로구 개봉동 470 삼환아파트 제103동 제2층 제201호,서울특별시 구로구,483000000,[전용 25.7평]
서울특별시 성북구 돈암동 609-1 한진아파트 제204동 제15층 제1506호,서울특별시 성북구,480800000,[전용 25.7평]
서울특별시 노원구 상계동 1313 수락리버시티4단지 제403동 제10층 제1004호,서울특별시 노원구,480000000,[전용 25.7평]
서울특별시 성북구 석관동 10 두산아파트 제107동 제17층 제1703호,서울특별시 성북구,474000000,[전용 25.7평]
서울특별시 구로구 천왕동 273 천왕이펜하우스4단지 제403동 제14층 제1403호,서울특별시 구로구,473600000,[전용 25.7평]
서울특별시 노원구 중계동 592 벽산아파트 제102동 제18층 제1804호,서울특별시 노원구,472000000,[전용 25.7평]
서울특별시 강서구 염창동 248-3 삼성하나로조합아파트 제101동 제7층 제701호,서울특별시 강서구,469000000,[전용 25.7평]
서울특별시 관악구 봉천동 1698-1외 5필지 보라매삼성아파트 제104동 제7층 제702호,서울특별시 관악구,468000000,[전용 25.7평]
서울특별시 서대문구 연희동 740 연희동성원아파트 제104동 제11층 제1104호,서울특별시 서대문구,456000000,[전용 25.7평]
서울특별시 중랑구 신내동 656 두산아파트 제804동 제7층 제702호,서울특별시 중랑구,456000000,[전용 25.7평]
서울특별시 구로구 구로동 1262 월드아파트 제15층 제1502호,서울특별시 구로구,455000000,[전용 25.7평]
서울특별시 은평구 응암동 739 응암동금호아파트 제104동 제5층 제501호,서울특별시 은평구,454000000,[전용 25.7평]
서울특별시 노원구 중계동 598 한화꿈에그린아파트 제102동 제2층 제209호,서울특별시 노원구,452800000,[전용 25.7평]
서울특별시 양천구 신월동 1058 신월동코아루2단지 제203동 제9층 제901호,서울특별시 양천구,450000000,[전용 25.7평]
서울특별시 관악구 봉천동 917-1 장미아파트 제2층 제202호,서울특별시 관악구,444000000,[전용 25.7평]
서울특별시 도봉구 쌍문동 59 한양아파트 제3동 제12층 제1206호,서울특별시 도봉구,444000000,[전용 25.7평]
서울특별시 성동구 용답동 252 덕현해밀 제8층 제804호,서울특별시 성동구,443200000,[전용 25.7평]
서울특별시 노원구 공릉동 745 동신아파트 제105동 제24층 제2404호,서울특별시 노원구,441000000,[전용 25.7평]
서울특별시 서대문구 홍은동 455 홍은벽산아파트 제113동 제10층 제1001호,서울특별시 서대문구,438000000,[전용 25.7평]
서울특별시 중랑구 묵동 378 한국아파트 제102동 제17층 제1702호,서울특별시 중랑구,435000000,[전용 25.7평]
서울특별시 강서구 내발산동 672-15 원다벨라빌아파트 제5층 제501호,서울특별시 강서구,434400000,[전용 25.7평]
서울특별시 강북구 번동 657 번동동문아파트 제101동 제16층 제1604호,서울특별시 강북구,432000000,[전용 25.7평]
서울특별시 강서구 방화동 862 한숲마을대림아파트 제102동 제1303호,서울특별시 강서구,432000000,[전용 25.7평]
서울특별시 구로구 구로동 1281외 1필지 한일유앤아이아파트 제101동 제6층 제601호,서울특별시 구로구,431000000,[전용 25.7평]
서울특별시 강동구 명일동 344-16 한강훼미리아파트 제5층 제501호,서울특별시 강동구,430000000,[전용 25.7평]
서울특별시 강동구 길동 346-1 효성노바아파트 제2층 제201호,서울특별시 강동구,428000000,[전용 25.7평]
서울특별시 도봉구 방학동 734외 4필지 청구아파트 제104동 제1층 제107호,서울특별시 도봉구,426400000,[전용 25.7평]
서울특별시 중랑구 면목동 472-8외 6필지 아람플러스리빙 제1동 제12층 제1306호,서울특별시 중랑구,425000000,[전용 25.7평]
서울특별시 강북구 우이동 342 대우아파트 제105동 제5층 제501호,서울특별시 강북구,424000000,[전용 25.7평]
서울특별시 도봉구 방학동 508 우성2차아파트 제105동 제6층 제601호,서울특별시 도봉구,422000000,[전용 25.7평]
서울특별시 중랑구 신내동 801 영풍마드레빌아파트 제101동 제1층 제102호,서울특별시 중랑구,420000000,[전용 25.7평]
서울특별시 노원구 상계동 359 노원현대아파트 제101동 제14층 제1403호,서울특별시 노원구,418400000,[전용 25.7평]
서울특별시 구로구 고척동 326 청구아파트 제103동 제22층 제2203호,서울특별시 구로구,416000000,[전용 25.7평]
서울특별시 노원구 상계동 1302 대창센시티아파트 제101동 제3층 제301호,서울특별시 노원구,413000000,[전용 25.7평]
서울특별시 도봉구 쌍문동 158외 1필지 쌍문한양7차아파트 제701동 제1층 제102호,서울특별시 도봉구,410400000,[전용 25.7평]
서울특별시 구로구 천왕동 277 천왕이펜하우스5단지 제501동 제3층 제304호,서울특별시 구로구,408800000,[전용 25.7평]
서울특별시 구로구 구로동 1281외 1필지 한일유앤아이아파트 제106동 제20층 제2002호,서울특별시 구로구,407200000,[전용 25.7평]
서울특별시 서대문구 홍제동 455 현대그린아파트 제102동 제1층 제106호,서울특별시 서대문구,407000000,[전용 25.7평]
서울특별시 중랑구 중화동 19외 13필지 극동아파트 제9층 제908호,서울특별시 중랑구,402000000,[전용 25.7평]
서울특별시 중랑구 상봉동 128-10외 1필지 에스지타워 제10층 제1001호,서울특별시 중랑구,400000000,[전용 25.7평]
서울특별시 중랑구 상봉동 495외 2필지 동부아파트 제101동 제12층 제1208호,서울특별시 중랑구,400000000,[전용 25.7평]
서울특별시 노원구 공릉동 371-11외 2필지 서일이츠뷰 제2층 제206호,서울특별시 노원구,392000000,[전용 25.7평]
서울특별시 성북구 정릉동 1028 정릉이편한세상 제101동 제12층 제1201호,서울특별시 성북구,392000000,[전용 25.7평]
서울특별시 관악구 남현동 1072-63외 1필지 세종하이츠아파트 제3층 제301호,서울특별시 관악구,390000000,[전용 25.7평]
서울특별시 노원구 상계동 1068 상계5지역중앙하이츠아파트 제12층 제1208호,서울특별시 노원구,388000000,[전용 25.7평]
서울특별시 서대문구 홍은동 454 극동아파트 제102동 제12층 제1207호,서울특별시 서대문구,388000000,[전용 25.7평]
서울특별시 노원구 상계동 1285 동아불암아파트 제103동 제9층 제901호,서울특별시 노원구,387200000,[전용 25.7평]
서울특별시 노원구 상계동 1068 상계5지역중앙하이츠아파트 제12층 제1208호,서울특별시 노원구,387000000,[전용 25.7평]
서울특별시 도봉구 방학동 734외 4필지 청구아파트 제110동 제15층 제1505호,서울특별시 도봉구,386000000,[전용 25.7평]
서울특별시 은평구 역촌동 36-14외 1필지 예청아파트 제7층 제701호,서울특별시 은평구,384800000,[전용 25.7평]
서울특별시 성북구 정릉동 1032 정릉2차 대주피오레 제202동 제4층 제401호,서울특별시 성북구,384000000,[전용 25.7평]
서울특별시 도봉구 방학동 508 우성2차아파트 제102동 제1층 제103호,서울특별시 도봉구,383000000,[전용 25.7평]
서울특별시 도봉구 도봉동 30-1 도봉한신아파트 제104동 제3층 제306호,서울특별시 도봉구,380000000,[전용 25.7평]
서울특별시 강북구 번동 191 기산그린아파트 제101동 제2층 제208호,서울특별시 강북구,378000000,[전용 25.7평]
서울특별시 중랑구 면목동 472-8외 6필지 아람플러스리빙 제1동 제12층 제1301호,서울특별시 중랑구,368000000,[전용 25.7평]
서울특별시 중랑구 면목동 472-8외 6필지 아람플러스리빙 제1동 제12층 제1301호,서울특별시 중랑구,368000000,[전용 25.7평]
서울특별시 노원구 중계동 578 현대그룹중계동주택조합2차아파트 제115동 제7층 제702호,서울특별시 노원구,363200000,[전용 25.7평]
서울특별시 서대문구 홍은동 460 홍은동풍림아이원아파트 제106동 제9층 제904호,서울특별시 서대문구,361600000,[전용 25.7평]
서울특별시 강동구 천호동 46-5 우정아파트 제5층 제505호,서울특별시 강동구,360000000,[전용 25.7평]
서울특별시 성동구 성수동1가 706 쌍용아파트 제107동 제13층 제1301호,서울특별시 성동구,360000000,[전용 25.7평]
서울특별시 중랑구 신내동 479외 1필지 중앙하이츠아파트 제1동 제7층 제706호,서울특별시 중랑구,358400000,[전용 25.7평]
서울특별시 성북구 석관동 110-2외 2필지 중앙하이츠아파트 제1동 제1층 제106호,서울특별시 성북구,352000000,[전용 25.7평]
서울특별시 성북구 정릉동 1016 우방아파트 제101동 제8층 제803호,서울특별시 성북구,348000000,[전용 25.7평]
서울특별시 도봉구 방학동 496 벽산아파트 제103동 제16층 제1607호,서울특별시 도봉구,344000000,[전용 25.7평]
서울특별시 은평구 갈현동 539 갈현동한솔아파트 제101동 제3층 제308호,서울특별시 은평구,344000000,[전용 25.7평]
서울특별시 구로구 고척동 337외 1필지 한일유앤아이아파트 제102동 제2층 제204호,서울특별시 구로구,343200000,[전용 25.7평]
서울특별시 노원구 중계동 578 현대그룹중계동주택조합2차아파트 제115동 제6층 제606호,서울특별시 노원구,342400000,[전용 25.7평]
서울특별시 노원구 상계동 1273 북부현대아파트 제101동 제9층 제906호,서울특별시 노원구,334000000,[전용 25.7평]
서울특별시 구로구 구로동 100-8 신안타워 제8층 제802호,서울특별시 구로구,332800000,[전용 25.7평]
서울특별시 금천구 시흥동 1010 벽산아파트 제110동 제17층 제1701호,서울특별시 금천구,330000000,[전용 25.7평]
서울특별시 도봉구 방학동 734외 4필지 청구아파트 제101동 제5층 제501호,서울특별시 도봉구,330000000,[전용 25.7평]
서울특별시 노원구 상계동 463외 1필지 상계신동아아파트 제102동 제13층 제1303호,서울특별시 노원구,328000000,[전용 25.7평]
서울특별시 동대문구 장안동 302-2 장안동파크뷰아파트 제9층 제901호,서울특별시 동대문구,324800000,[전용 25.7평]
서울특별시 도봉구 도봉동 30-1 도봉한신아파트 제104동 제3층 제306호,서울특별시 도봉구,324000000,[전용 25.7평]
서울특별시 노원구 상계동 995 한신아파트 제1동 제1층 제107호,서울특별시 노원구,320000000,[전용 25.7평]
서울특별시 중랑구 중화동 207-12 미영리치타운103동 제9층 제903호,서울특별시 중랑구,320000000,[전용 25.7평]
서울특별시 도봉구 쌍문동 59 한양아파트 제3동 제12층 제1206호,서울특별시 도봉구,318000000,[전용 25.7평]
서울특별시 도봉구 방학동 496 벽산아파트 제103동 제12층 제1205호,서울특별시 도봉구,317600000,[전용 25.7평]
서울특별시 중랑구 신내동 479외 1필지 중앙하이츠아파트 제5동 제9층 제909호,서울특별시 중랑구,317000000,[전용 25.7평]
서울특별시 강북구 수유동 553-61외 2필지 극동아파트 제6동(외부표기:106동) 제9층 제905호,서울특별시 강북구,312000000,[전용 25.7평]
서울특별시 강서구 화곡동 1155 탑건진선미아파트 제101동 제7층 제705호,서울특별시 강서구,311680000,[전용 25.7평]
서울특별시 구로구 구로동 1272 미래타워 제1동 제7층 제701호,서울특별시 구로구,309600000,[전용 25.7평]
서울특별시 도봉구 창동 608-167 새울아파트 제4층 제402호,서울특별시 도봉구,308000000,[전용 25.7평]
서울특별시 은평구 불광동 346-3 금상아파트 제1층 제102호,서울특별시 은평구,306000000,[전용 25.7평]
서울특별시 마포구 신공덕동 161 신공덕3차삼성래미안아파트 제305동 제8층 제801호,서울특별시 마포구,1000000000,[전용 25.6평]
서울특별시 송파구 풍납동 508 한강극동아파트 제102동 제2층 제202호,서울특별시 송파구,954000000,[전용 25.6평]
서울특별시 광진구 자양동 784-1외 2필지 대동아파트 제103동 제8층 제802호,서울특별시 광진구,935000000,[전용 25.6평]
서울특별시 동작구 사당동 105외 1필지 사당우성아파트 제201동 제8층 제809호,서울특별시 동작구,901000000,[전용 25.6평]
서울특별시 영등포구 문래동3가 76-1 국화맨션아파트 제2동 제11층 제1102호,서울특별시 영등포,900000000,[전용 25.6평]
서울특별시 동작구 신대방동 711 보라매파크빌아파트 제101동 제11층 제1105호,서울특별시 동작구,893000000,[전용 25.6평]
서울특별시 중랑구 상봉동 499 건영캐스빌 제1501동 제3층 제302호,서울특별시 중랑구,860000000,[전용 25.6평]
서울특별시 노원구 중계동 360-2 청구아파트 제105동 제4층 제401호,서울특별시 노원구,840000000,[전용 25.6평]
서울특별시 성동구 금호동1가 1500 금호삼성래미안아파트 제102동 제3층 제303호,서울특별시 성동구,815000000,[전용 25.6평]
서울특별시 송파구 가락동 140 가락쌍용아파트 제202동 제19층 제1906호,서울특별시 송파구,809000000,[전용 25.6평]
서울특별시 은평구 진관동 102 은평뉴타운박석고개(통칭:은평뉴타운반석고개 힐스테이트1단지아파트) 제126동 제3층 제303호,서울특별시 은평구,780000000,[전용 25.6평]
서울특별시 강동구 둔촌동 545 둔촌하이츠아파트 제10층 제1009호,서울특별시 강동구,758000000,[전용 25.6평]
서울특별시 송파구 풍납동 508 한강극동아파트 제104동 제16층 제1607호,서울특별시 송파구,753000000,[전용 25.6평]
서울특별시 중랑구 신내동 817 신내 데시앙포레 제221동 제12층 제1202호,서울특별시 중랑구,743000000,[전용 25.6평]
서울특별시 마포구 성산동 601외 1필지 성산월드타운대림아파트 제108동 제1층 제103호,서울특별시 마포구,742000000,[전용 25.6평]
서울특별시 광진구 자양동 510-5외 3필지 이튼타워리버1차 제5층 제에이-502호,서울특별시 광진구,736000000,[전용 25.6평]
서울특별시 성북구 길음동 1281 길음뉴타운 제408동 제8층 제802호,서울특별시 성북구,718000000,[전용 25.6평]
서울특별시 송파구 가락동 198-13 가락현대트웰브 제102동 제7층 제701호,서울특별시 송파구,705000000,[전용 25.6평]
서울특별시 중랑구 상봉동 484 엘지아파트 제1309동 제6층 제604호,서울특별시 중랑구,663000000,[전용 25.6평]
서울특별시 강서구 등촌동 655-27 현대아파트(통칭:현대1차아파트) 제101동 제10층 제1004호,서울특별시 강서구,650000000,[전용 25.6평]
서울특별시 동작구 본동 148-2외 2필지 극동아파트 제1동 제9층 제901호,서울특별시 동작구,650000000,[전용 25.6평]
서울특별시 성북구 종암동 132 종암우림카이져팰리스 제8층 제101-803호,서울특별시 성북구,648000000,[전용 25.6평]
서울특별시 강북구 번동 204외 2필지 신원아파트 제101동 제14층 제1404호,서울특별시 강북구,617000000,[전용 25.6평]
서울특별시 구로구 구로동 1259 구일우성아파트 제210동 제10층 제1002호,서울특별시 구로구,615000000,[전용 25.6평]
서울특별시 노원구 상계동 1282 상계2차중앙하이츠아파트 제204동 제22층 제2202호,서울특별시 노원구,613000000,[전용 25.6평]
서울특별시 은평구 구산동 547 갈현1단지이-편한세상아파트 제101동 제11층 제1104호,서울특별시 은평구,612000000,[전용 25.6평]
서울특별시 서대문구 충정로3가 477 충림예하임아파트 제4층 제402호,서울특별시 서대문구,610000000,[전용 25.6평]
서울특별시 성북구 정릉동 435외 1필지 중앙하이츠빌2단지 제201동 제8층 제801호,서울특별시 성북구,605000000,[전용 25.6평]
서울특별시 동대문구 휘경동 264-2외 8필지 효자 워너빌 제7층 제703호,서울특별시 동대문구,600000000,[전용 25.6평]
서울특별시 강동구 암사동 501-4 암사동양덱스빌 제6층 제603호,서울특별시 강동구,592000000,[전용 25.6평]
서울특별시 노원구 공릉동 111 화랑타운아파트 제702동 제9층 제901호,서울특별시 노원구,592000000,[전용 25.6평]
서울특별시 동대문구 휘경동 264-2외 8필지 효자 워너빌 제7층 제703호,서울특별시 동대문구,570000000,[전용 25.6평]
서울특별시 중랑구 면목동 1505외 7필지 면목동아남리치카운티아파트 제102동 제9층 제903호,서울특별시 중랑구,570000000,[전용 25.6평]
서울특별시 강북구 미아동 1354외 2필지 벽산라이브파크아파트 제106동 제1층 제101호,서울특별시 강북구,567000000,[전용 25.6평]
서울특별시 서대문구 연희동 700 대림아파트 제3동 제7층 제707호,서울특별시 서대문구,554000000,[전용 25.6평]
서울특별시 성북구 종암동 104-1 종암에스케이아파트 제104동 제15층 제1510호,서울특별시 성북구,553000000,[전용 25.6평]
서울특별시 금천구 시흥동 1026 외 1필지 남서울힐스테이트 제102동 제9층 제904호,서울특별시 금천구,552000000,[전용 25.6평]
서울특별시 성북구 정릉동 435외 1필지 중앙하이츠빌2단지 제201동 제8층 제801호,서울특별시 성북구,552000000,[전용 25.6평]
서울특별시 동대문구 휘경동 117 동양2차아파트 제201동 제1층 제102호,서울특별시 동대문구,546000000,[전용 25.6평]
서울특별시 영등포구 대림동 785 현대2차아파트 제201동 제5층 제506호,서울특별시 영등포,542000000,[전용 25.6평]
서울특별시 구로구 오류동 342 영풍마드레빌아파트 제102동 제15층 제1503호,서울특별시 구로구,541000000,[전용 25.6평]
서울특별시 노원구 하계동 354 학여울청구아파트 제103동 제11층 제1106호,서울특별시 노원구,510400000,[전용 25.6평]
서울특별시 동대문구 답십리동 10 동아아파트 제107동 제15층 제1506호,서울특별시 동대문구,500000000,[전용 25.6평]
서울특별시 동대문구 장안동 564 장안동신일해피트리아파트 제101동 제7층 제706호,서울특별시 동대문구,499000000,[전용 25.6평]
서울특별시 강북구 번동 204외 2필지 신원아파트 제102동 제19층 제1901호,서울특별시 강북구,496000000,[전용 25.6평]
서울특별시 강북구 미아동 1355 미아한일유앤아이 제103동 제3층 제303호,서울특별시 강북구,485000000,[전용 25.6평]
서울특별시 강서구 화곡동 1011-6외 1필지 희훈리치파크아파트 제101동 제4층 제410호,서울특별시 강서구,477600000,[전용 25.6평]
서울특별시 노원구 상계동 1128 극동늘푸른아파트 제101동 제2층 제201호,서울특별시 노원구,472000000,[전용 25.6평]
서울특별시 강서구 염창동 245-1 이너스내안에아파트 제201동 제3층 제301호,서울특별시 강서구,470400000,[전용 25.6평]
서울특별시 강동구 성내동 446-11 동남아파트 제4층 제401호,서울특별시 강동구,457600000,[전용 25.6평]
서울특별시 도봉구 창동 815 창동2차현대아파트 제204동 제13층 제1304호,서울특별시 도봉구,455000000,[전용 25.6평]
서울특별시 서대문구 홍제동 82 홍제한양아파트 제101동 제2층 제202호,서울특별시 서대문구,454400000,[전용 25.6평]
서울특별시 강동구 성내동 405-9 한솔애리즈아파트 제801동 제3층 제302호,서울특별시 강동구,452800000,[전용 25.6평]
서울특별시 중랑구 면목동 1505외 7필지 면목동아남리치카운티아파트 제102동 제9층 제903호,서울특별시 중랑구,450000000,[전용 25.6평]
서울특별시 성북구 하월곡동 218 아남아파트 제3층 제306호,서울특별시 성북구,449000000,[전용 25.6평]
서울특별시 노원구 월계동 938 건양노블레스아파트 제19층 제1902호,서울특별시 노원구,443000000,[전용 25.6평]
서울특별시 구로구 고척동 320외 1필지 센츄리아파트 제104동 제13층 제1303호,서울특별시 구로구,442000000,[전용 25.6평]
서울특별시 구로구 고척동 320외 1필지 센츄리아파트 제101동 제3층 제301호,서울특별시 구로구,439000000,[전용 25.6평]
서울특별시 은평구 구산동 224 경남아너스빌 제108동 제8층 제802호,서울특별시 은평구,427000000,[전용 25.6평]
서울특별시 은평구 구산동 224 경남아너스빌 제105동 제2층 제202호,서울특별시 은평구,415000000,[전용 25.6평]
서울특별시 노원구 상계동 1304 대망드림힐아파트 제101동 제16층 제1608호,서울특별시 노원구,408800000,[전용 25.6평]
서울특별시 노원구 공릉동 91 청솔아파트 제801동 제1층 제103호,서울특별시 노원구,392000000,[전용 25.6평]
서울특별시 강북구 미아동 1357외 1필지 삼각산아이원아파트 제113동 제1층 제104호,서울특별시 강북구,384000000,[전용 25.6평]
서울특별시 노원구 상계동 1320 성림아파트 제101동 제6층 제610호,서울특별시 노원구,371000000,[전용 25.6평]
서울특별시 구로구 고척동 320외 1필지 센츄리아파트 제101동 제3층 제301호,서울특별시 구로구,352000000,[전용 25.6평]
서울특별시 중랑구 망우동 579 한울네세창아파트 제101동 제1층 제102호,서울특별시 중랑구,344000000,[전용 25.6평]
서울특별시 구로구 구로동 110-11 늘푸른아파트 제12층 제1203호,서울특별시 구로구,340000000,[전용 25.6평]
서울특별시 금천구 독산동 987-11 한아아파트 제장미동 제2층 제202호,서울특별시 금천구,338000000,[전용 25.6평]
서울특별시 금천구 시흥동 1008외 1필지 금강아파트 제101동 제18층 제1801호,서울특별시 금천구,311200000,[전용 25.6평]
서울특별시 성동구 응봉동 15 대림강변타운 제105동 제17층 제1704호,서울특별시 성동구,971000000,[전용 25.5평]
서울특별시 양천구 목동 200 우성아파트 제104동 제14층 제1406호,서울특별시 양천구,880000000,[전용 25.5평]
서울특별시 동작구 대방동 500 성원아파트 제101동 제18층 제1801호,서울특별시 동작구,867000000,[전용 25.5평]
서울특별시 송파구 방이동 157 방이금호어울림 제102동 제2층 제201호,서울특별시 송파구,844000000,[전용 25.5평]
서울특별시 관악구 봉천동 1721외 1필지 브라운스톤관악 제103동 제3층 제302호,서울특별시 관악구,803000000,[전용 25.5평]
서울특별시 성동구 옥수동 558 옥수이테크빌아파트 제15층 제1502호,서울특별시 성동구,755000000,[전용 25.5평]
서울특별시 양천구 목동 750-5 월드아파트 제101동 제7층 제706호,서울특별시 양천구,745600000,[전용 25.5평]
서울특별시 영등포구 양평동6가 99 한솔아파트 제101동 제8층 제807호,서울특별시 영등포,736800000,[전용 25.5평]
서울특별시 은평구 응암동 760외 1필지 백련산힐스테이트2차 제210동 제13층 제1303호,서울특별시 은평구,703000000,[전용 25.5평]
서울특별시 마포구 합정동 396-8 리버아인아파트 제5층 제501호,서울특별시 마포구,690000000,[전용 25.5평]
서울특별시 강서구 공항동 1371 해태아파트 제102동 제5층 제502호,서울특별시 강서구,663000000,[전용 25.5평]
서울특별시 송파구 거여동 294 거여5단지아파트 제502동 제3층 제306호,서울특별시 송파구,651000000,[전용 25.5평]
서울특별시 은평구 불광동 635 북한산힐스테이트1차아파트 제1105동 제4층 제402호,서울특별시 은평구,647000000,[전용 25.5평]
서울특별시 영등포구 당산동 171-19 드림시드아파트 제6층 제605호,서울특별시 영등포,641000000,[전용 25.5평]
서울특별시 양천구 신정동 1308 동원로데오아파트 제101동 제6층 제601호,서울특별시 양천구,634000000,[전용 25.5평]
서울특별시 은평구 진관동 12 은평뉴타운 상림마을 제712동 제1층 제101호,서울특별시 은평구,631000000,[전용 25.5평]
서울특별시 영등포구 양평동6가 99 한솔아파트 제101동 제8층 제807호,서울특별시 영등포,596000000,[전용 25.5평]
서울특별시 은평구 신사동 359 현대아파트 제102동 제12층 제1202호,서울특별시 은평구,590000000,[전용 25.5평]
서울특별시 송파구 풍납동 506외 1필지 동아한가람아파트 제105동 제2층 제205호,서울특별시 송파구,588000000,[전용 25.5평]
서울특별시 은평구 응암동 761 백련산힐스테이트3차 제306동 제14층 제1406호,서울특별시 은평구,568800000,[전용 25.5평]
서울특별시 송파구 가락동 126-2 프라임아파트 제8층 제801호,서울특별시 송파구,563000000,[전용 25.5평]
서울특별시 양천구 목동 928 건영아파트 제101동 제12층 제1202호,서울특별시 양천구,451000000,[전용 25.5평]
서울특별시 강동구 성내동 598외 1필지 성내1차이편한세상 제103동 제4층 제401호,서울특별시 강동구,450000000,[전용 25.5평]
서울특별시 양천구 목동 750-5 월드아파트 제101동 제2층 제201호,서울특별시 양천구,446400000,[전용 25.5평]
서울특별시 구로구 가리봉동 137-7 미래하이츠아파트 제5층 제503호,서울특별시 구로구,440000000,[전용 25.5평]
서울특별시 중랑구 면목동 1512 형진아파트 제5층 제504호,서울특별시 중랑구,430000000,[전용 25.5평]
서울특별시 동대문구 장안동 562 우성3차아파트 제101동 제4층 제405호,서울특별시 동대문구,408000000,[전용 25.5평]
서울특별시 구로구 개봉동 47-1 건영아파트 제102동 제9층 제905호,서울특별시 구로구,393000000,[전용 25.5평]
서울특별시 금천구 독산동 976-6 리치힐아파트 제105동 제5층 제502호,서울특별시 금천구,392000000,[전용 25.5평]
서울특별시 관악구 신림동 1693외 3필지 국제산장아파트 제104동 제6층 제601호,서울특별시 관악구,390000000,[전용 25.5평]
서울특별시 은평구 신사동 359 현대아파트 제101동 제3층 제301호,서울특별시 은평구,370000000,[전용 25.5평]
서울특별시 관악구 신림동 1693외 3필지 국제산장아파트 제104동 제6층 제601호,서울특별시 관악구,352000000,[전용 25.5평]
서울특별시 관악구 남현동 1134 예성2차그린캐슬아파트 제10층 제1005호,서울특별시 관악구,305000000,[전용 25.5평]
서울특별시 양천구 신월동 1049 장수마을2단지 동원데쟈뷰아파트 제202동 제11층 제1102호,서울특별시 양천구,820000000,[전용 25.4평]
서울특별시 성북구 정릉동 239외 2필지 정릉풍림아이원 제102동 제13층 제1302호,서울특별시 성북구,720000000,[전용 25.4평]
서울특별시 송파구 신천동 11-10 잠실아이스페이스 제22층 제2211호,서울특별시 송파구,616000000,[전용 25.4평]
서울특별시 성북구 정릉동 239외 2필지 정릉풍림아이원 제120동 제6층 제604호,서울특별시 성북구,572800000,[전용 25.4평]
서울특별시 노원구 상계동 1055 상계(1차)현대아파트 제102동 제9층 제904호,서울특별시 노원구,520000000,[전용 25.4평]
서울특별시 강동구 길동 143-4 서한베네치아아파트 제4층 제403호,서울특별시 강동구,505000000,[전용 25.4평]
서울특별시 강서구 내발산동 686-1외 1필지 보람아파트 제1층 제102호,서울특별시 강서구,488800000,[전용 25.4평]
서울특별시 강동구 천호동 52-6 천호2차이룸아파트 제1층 제102호,서울특별시 강동구,447000000,[전용 25.4평]
서울특별시 노원구 상계동 1110외 1필지 두산아파트 제107동 제5층 제503호,서울특별시 노원구,430000000,[전용 25.4평]
서울특별시 도봉구 쌍문동 59-5외 1필지 쌍문6차한양아파트 제602동 제15층 제1503호,서울특별시 도봉구,426000000,[전용 25.4평]
서울특별시 강서구 내발산동 672-15 원다벨라빌아파트 제1층 제103호,서울특별시 강서구,404000000,[전용 25.4평]
서울특별시 노원구 상계동 1055 상계(1차)현대아파트(통칭:I PARK) 제104동 제9층 제904호,서울특별시 노원구,393000000,[전용 25.4평]
서울특별시 도봉구 방학동 507외 1필지 우성아파트 제104동 제9층 제903호,서울특별시 도봉구,380000000,[전용 25.4평]
서울특별시 중랑구 중화동 450외 2필지 한신아파트 제106동 제2층 제202호,서울특별시 중랑구,349440000,[전용 25.4평]
"서울특별시 서초구 언남16길 2, 1층102호(시그마아파트)",서울특별시 서초구,664000000,[전용 25.3평]
서울특별시 노원구 상계동 1055 상계1차현대아파트 제101동 제7층 제704호,서울특별시 노원구,488000000,[전용 25.3평]
서울특별시 구로구 신도림동 290외 1필지 미성아파트 제3동 제3층 제305호,서울특별시 구로구,440000000,[전용 25.3평]
서울특별시 광진구 중곡동 35-10 웰빙아파트 제4층 제401호,서울특별시 광진구,424000000,[전용 25.3평]
서울특별시 강서구 화곡동 981-1외 2필지 서광프리메라 제12층 제1206호,서울특별시 강서구,383200000,[전용 25.3평]
서울특별시 도봉구 방학동 712-5 태솔에버빌아파트 101동 제6층 제601호,서울특별시 도봉구,340000000,[전용 25.3평]
서울특별시 송파구 거여동 127-1외 2필지 팰리스힐 제6층 제602호,서울특별시 송파구,336000000,[전용 25.3평]
서울특별시 성동구 성수동2가 846 이-아름다운세상 제2층 제201호,서울특별시 성동구,540000000,[전용 25.2평]
서울특별시 강동구 명일동 352-8외 1필지 태천해오름아파트 제102동에이동 제2층 제201호,서울특별시 강동구,428000000,[전용 25.2평]
서울특별시 관악구 봉천동 41-274외 4필지 에메랄드아파트 제104동 제3층 제302호,서울특별시 관악구,421000000,[전용 25.2평]
서울특별시 관악구 신림동 1714 삼성산주공아파트 제303동 제12층 제1206호,서울특별시 관악구,317600000,[전용 25.2평]
서울특별시 관악구 신림동 1714 삼성산주공아파트 제302동 제6층 제613호,서울특별시 관악구,316000000,[전용 25.2평]
서울특별시 강동구 암사동 509 선사현대아파트 제107동 제5층 제504호,서울특별시 강동구,766000000,[전용 25.1평]
서울특별시 강동구 길동 384-5 한빛아파트 제12층 제1208호,서울특별시 강동구,600000000,[전용 25.1평]
서울특별시 동작구 상도동 409외 1필지 동아아파트 제1동 제2층 제201호,서울특별시 동작구,560000000,[전용 25.1평]
서울특별시 동대문구 용두동 785 청재제일타운아파트 제101동 제5층 제503호,서울특별시 동대문구,500000000,[전용 25.1평]
서울특별시 중랑구 면목동 1513외 1필지 면목동삼호아파트 제101동 제3층 제314호,서울특별시 중랑구,427000000,[전용 25.1평]
서울특별시 광진구 군자동 343-12 호동아파트 제101동 제3층 제303호,서울특별시 광진구,370400000,[전용 25.1평]
서울특별시 양천구 목동 769-19 에이스아파트 제6층 제607호,서울특별시 양천구,339200000,[전용 25.1평]
서울특별시 종로구 부암동 208-40 베네스트아파트 제1동 제4층 제402호,서울특별시 종로구,327200000,[전용 25.1평]
서울특별시 중구 황학동 981외 11필지 중구리버빌아파트 제가동 제5층 제504호,서울특별시 중구,304000000,[전용 25.1평]
서울특별시 영등포구 당산동 376외 1필지 강변래미안 제301동 제13층 제1301호,서울특별시 영등포,476800000,[전용 24평]
서울특별시 성북구 하월곡동 224외 2필지 샹그레빌아파트 제102동 제19층 제1901호,서울특별시 성북구,412800000,[전용 24평]
서울특별시 강동구 명일동 270 외 1필지 삼익맨션 제2동 제10층 제1003호,서울특별시 강동구,861000000,[전용 24.9평]
서울특별시 구로구 구로동 1269 구로중앙하이츠아파트 제105동 제22층 제2207호,서울특별시 구로구,800000000,[전용 24.9평]
서울특별시 도봉구 방학동 304-12 바른채아파트 101동 제7층 제706호,서울특별시 도봉구,453087780,[전용 24.9평]
서울특별시 구로구 구로동 314외 2필지 극동아파트 제1동 제11층 제1105호,서울특별시 구로구,442000000,[전용 24.9평]
서울특별시 도봉구 방학동 304-12 바른체아파트 제4층 제406호,서울특별시 도봉구,320000000,[전용 24.9평]
서울특별시 도봉구 방학동 304-12 바른체아파트 제3층 제303호,서울특별시 도봉구,309600000,[전용 24.9평]
서울특별시 서초구 서초동 1337-22 서초동 대우디오빌프라임 제9층 제903호,서울특별시 서초구,898000000,[전용 24.8평]
서울특별시 성북구 보문동4가 116 보문하우스토리 제10층 제102-1006호,서울특별시 성북구,540000000,[전용 24.8평]
서울특별시 송파구 마천동 9 아남아파트 제4층 제404호,서울특별시 송파구,498000000,[전용 24.8평]
서울특별시 서대문구 북가좌동 150 요진주상복합아파트 제7층 제703호,서울특별시 서대문구,395200000,[전용 24.8평]
서울특별시 구로구 구로동 730-2 남촌홈타운 제2층 제202호,서울특별시 구로구,334000000,[전용 24.8평]
서울특별시 서초구 방배동 881-26 방배2차이-편한세상 제201동 제12층 제1204호,서울특별시 서초구,935000000,[전용 24.7평]
서울특별시 중랑구 상봉동 496 상봉동우정아파트 제105동 제14층 제1401호,서울특별시 중랑구,600000000,[전용 24.7평]
서울특별시 중랑구 상봉동 496 상봉동우정아파트 제104동 제2층 제203호,서울특별시 중랑구,515000000,[전용 24.7평]
서울특별시 노원구 월계동 382-15외 13필지 새봄아파트 제11층 제1104호,서울특별시 노원구,410000000,[전용 24.7평]
서울특별시 영등포구 당산동 121-215외 1필지 대우아파트 제4층 제403호,서울특별시 영등포,402000000,[전용 24.7평]
"서울특별시 금천구 남부순환로120길 23, 제7층 제703호 (독산동,푸른터)",서울특별시 금천구,334400000,[전용 24.7평]
"서울특별시 금천구 남부순환로120길 23, 제5층 제501호 (독산동,푸른터)",서울특별시 금천구,332800000,[전용 24.7평]
"서울특별시 금천구 남부순환로120길 23, 제5층 제502호 (독산동,푸른터)",서울특별시 금천구,313600000,[전용 24.7평]
서울특별시 서초구 서초동 1625-7외 1필지 티에스프리우스아파트 제6층 제비6호,서울특별시 서초구,646000000,[전용 24.6평]
서울특별시 강동구 암사동 672 효정하나플러스 제3층 제306호,서울특별시 강동구,487000000,[전용 24.6평]
서울특별시 성동구 성수동2가 836 금강아미움 제102동 제5층 제504호,서울특별시 성동구,647000000,[전용 24.5평]
서울특별시 송파구 방이동 169-1 신암밀리안아파트 제5층 제501호,서울특별시 송파구,570000000,[전용 24.5평]
서울특별시 동대문구 장안동 329-3 래미안장안2차아파트 제217동 제5층 제503호,서울특별시 동대문구,528000000,[전용 24.5평]
서울특별시 광진구 화양동 110-37 화양타워 제8층 제902호,서울특별시 광진구,410000000,[전용 24.5평]
서울특별시 강서구 등촌동 691-3 부영아파트 제103동 제13층 제1305호,서울특별시 강서구,797000000,[전용 24.4평]
서울특별시 강동구 길동 45 우림루미아트 제11층 제1102호,서울특별시 강동구,578000000,[전용 24.4평]
서울특별시 동대문구 장안동 365-4외 2필지 서희스타힐스 제16층 제1603호,서울특별시 동대문구,361600000,[전용 24.4평]
서울특별시 중랑구 면목동 1527 면목동신성미소지움아파트 제101동 제12층 제1204호,서울특별시 중랑구,376000000,[전용 24.3평]
서울특별시 마포구 도화동 357외 5필지 현대아파트 제102동 제11층 제1103호,서울특별시 마포구,695000000,[전용 24.2평]
서울특별시 구로구 구로동 685-147 현대아파트 제101동 제1층 제104호,서울특별시 구로구,649000000,[전용 24.2평]
서울특별시 영등포구 대림동 695 우성아파트 제201동 제14층 제1403호,서울특별시 영등포,573000000,[전용 24.2평]
서울특별시 구로구 구로동 560 신도림현대아파트 제102동 제2층 제202호,서울특별시 구로구,484000000,[전용 24.2평]
서울특별시 서대문구 홍제동 470 제일아파트 제101동 제6층 제603호,서울특별시 서대문구,478000000,[전용 24.2평]
서울특별시 영등포구 문래동5가 14 문래두산위브 제101동 제9층 제906호,서울특별시 영등포,455000000,[전용 24.2평]
서울특별시 강동구 천호동 28 용명브릿지아파트 제101동 제3층 제307호,서울특별시 강동구,450000000,[전용 24.2평]
서울특별시 양천구 신월동 1044 정은스카이빌아파트 제101동 제7층 제705호,서울특별시 양천구,387000000,[전용 24.2평]
서울특별시 양천구 신월동 548-1 유림웰스빌 제7층 제704호,서울특별시 양천구,319000000,[전용 24.2평]
서울특별시 영등포구 문래동6가 45 현대아파트 제201동 제15층 제1507호,서울특별시 영등포,786000000,[전용 24.1평]
서울특별시 영등포구 영등포동 647외 1필지 영등포푸르지오 제203동 제21층 제2101호,서울특별시 영등포,765000000,[전용 24.1평]
서울특별시 은평구 녹번동 100-55 현대아파트 제101동 제12층 제1206호,서울특별시 은평구,453600000,[전용 24.1평]
서울특별시 구로구 고척동 333 하이리빙아파트 제101동 제2층 제205호,서울특별시 구로구,354000000,[전용 24.1평]
서울특별시 광진구 능동 246-11 제4층 제401호,서울특별시 광진구,333600000,[전용 23평]
서울특별시 성동구 금호동2가 1208외 6필지 두산아파트 제116동 제7층 제707호,서울특별시 성동구,754000000,[전용 23.9평]
서울특별시 동작구 신대방동 565외 1필지 우성아파트(통칭:신대방우성1차아파트) 제10동 제3층 제302호,서울특별시 동작구,626000000,[전용 23.8평]
서울특별시 강남구 신사동 540-2 대성아트빌 제3층 제301호,서울특별시 강남구,609600000,[전용 23.8평]
서울특별시 동대문구 장안동 584 형인휴아름아파트 제101동 제4층 제401호,서울특별시 동대문구,423000000,[전용 23.8평]
서울특별시 은평구 녹번동 279-1 해주드림빌 제102동 제4층 제404호,서울특별시 은평구,376800000,[전용 23.8평]
서울특별시 강동구 천호동 32-2 성인아파트 제5층 제501호,서울특별시 강동구,333000000,[전용 23.8평]
서울특별시 강동구 암사동 516-2외 3필지 한강리치팰리스 제3층 제303호,서울특별시 강동구,440800000,[전용 23.7평]
서울특별시 용산구 원효로4가 110-1외 1필지 풍전아파트 제나동호 내제2층222호 외1건,서울특별시 용산구,806000000,[전용 23.5평]
서울특별시 양천구 목동 954 목동웨스트빌아파트 제102동 제6층 제605호,서울특별시 양천구,566000000,[전용 23.4평]
서울특별시 성동구 마장동 835 우성에비뉴 제102동 제10층 제1001호,서울특별시 성동구,575000000,[전용 23.3평]
서울특별시 서대문구 홍은동 455 홍은벽산아파트 제103동 제11층 제1103호,서울특별시 서대문구,304800000,[전용 23.3평]
서울특별시 마포구 연남동 564-35 리츠아파트 제4층 제401호,서울특별시 마포구,618000000,[전용 23.1평]
서울특별시 마포구 연남동 564-35 리츠아파트 제4층 제401호,서울특별시 마포구,570000000,[전용 23.1평]
서울특별시 강서구 화곡동 919-1외 2필지 유림노르웨이숲아파트 제12층 제1210호,서울특별시 강서구,391000000,[전용 23.1평]
서울특별시 강서구 화곡동 919-1외 2필지 유림노르웨이숲아파트 제7층 제710호,서울특별시 강서구,319200000,[전용 23.1평]
서울특별시 성동구 마장동 784외 12필지 세림아파트 제1동 제5층 제501호,서울특별시 성동구,598400000,[전용 22평]
서울특별시 송파구 방이동 197 신구블레스밸리아파트 제101동 제1층 제101호,서울특별시 송파구,585600000,[전용 22평]
서울특별시 중랑구 면목동 1502 면목현대아파트 제104동 제1층 제105호,서울특별시 중랑구,549000000,[전용 22평]
서울특별시 성동구 마장동 784외 12필지 세림아파트 제1동 제5층 제501호,서울특별시 성동구,448640000,[전용 22평]
서울특별시 송파구 방이동 197 신구블레스밸리아파트 제101동 제1층 제101호,서울특별시 송파구,352000000,[전용 22평]
서울특별시 강동구 암사동 509 선사현대아파트 제103동 제1층 제107호,서울특별시 강동구,336000000,[전용 22평]
서울특별시 영등포구 대림동 778-43 종인아네스트 제3층 제302호,서울특별시 영등포,306400000,[전용 22.9평]
서울특별시 성동구 홍익동 119-1 한신아파트 제가동 제4층 제408호,서울특별시 성동구,514000000,[전용 22.8평]
서울특별시 금천구 시흥동 1026외 1필지 남서울힐스테이트 제208동 제10층 제1002호,서울특별시 금천구,380000000,[전용 22.8평]
서울특별시 서초구 방배동 755-14 리첸시아 방배 제6층 제607호,서울특별시 서초구,600000000,[전용 22.7평]
서울특별시 송파구 오금동 9-7외 1필지 노블하우스 제6층 제602호,서울특별시 송파구,442000000,[전용 22.7평]
서울특별시 노원구 중계동 515-2 건영아파트 제102동 제12층 제1206호,서울특별시 노원구,400000000,[전용 22.7평]
서울특별시 구로구 구로동 685-70외 4필지 현대연예인아파트 제204동 제3층 제302호,서울특별시 구로구,621000000,[전용 22.6평]
서울특별시 송파구 거여동 362 현대아파트 제2동 제3층 제301호,서울특별시 송파구,579200000,[전용 22.6평]
서울특별시 관악구 신림동 746-43 건영아파트(1차) 제가동 제9층 제905호,서울특별시 관악구,601000000,[전용 22.5평]
서울특별시 마포구 성산동 114-3 성일아파트 제802호,서울특별시 마포구,401000000,[전용 22.5평]
서울특별시 서대문구 홍은동 202-5 현대아파트 제203동 제1층 제103호,서울특별시 서대문구,360000000,[전용 22.5평]
서울특별시 동작구 사당동 238-6 레디앙스아파트 제3층 제302호,서울특별시 동작구,344000000,[전용 22.5평]
"서울특별시 강북구 수유동 63외 1필지 삼호아파트,수유프라자 제19층 제1901호",서울특별시 강북구,336000000,[전용 22.5평]
서울특별시 마포구 성산동 114-3 성일아파트 제8층 제801호,서울특별시 마포구,320000000,[전용 22.5평]
서울특별시 강동구 성내동 510-1 광남캐스빌 제5층 제501호,서울특별시 강동구,312800000,[전용 22.5평]
서울특별시 노원구 상계동 751-1 상계주공아파트 제414동 제5층 제506호,서울특별시 노원구,570000000,[전용 22.4평]
서울특별시 강서구 화곡동 377-21외 1필지 요산페어뷰 제7층 제701호,서울특별시 강서구,367000000,[전용 22.4평]
서울특별시 구로구 구로동 685-222 구로주공아파트 제108동 제11층 제1108호,서울특별시 구로구,806000000,[전용 22.3평]
서울특별시 도봉구 창동 45 삼성아파트 제103동 제19층 제1901호,서울특별시 도봉구,750000000,[전용 22.3평]
서울특별시 구로구 구로동 685-222 구로주공아파트 제110동 제12층 제1204호,서울특별시 구로구,520000000,[전용 22.3평]
서울특별시 서대문구 홍제동 131-2 제니스 제3층 제302호,서울특별시 서대문구,488000000,[전용 22.2평]
서울특별시 양천구 신정동 339 파인빌 제1층 제107호,서울특별시 양천구,689000000,[전용 22.1평]
서울특별시 구로구 구로동 107-1외 4필지 대림역대성스카이렉스 제14층 제101-1404호,서울특별시 구로구,535000000,[전용 22.1평]
서울특별시 송파구 가락동 29-16 쌍용노블레스 제5층 제503호,서울특별시 송파구,419200000,[전용 22.1평]
서울특별시 양천구 신정동 980-5 은행아파트 제3층 제305호,서울특별시 양천구,357000000,[전용 22.1평]
서울특별시 은평구 신사동 19-84 형진아파트 제101동 제4층 제409호,서울특별시 은평구,320000000,[전용 22.1평]
서울특별시 관악구 남현동 1066-13외 1필지 관악산센텀아파트 제7층 제702호,서울특별시 관악구,602000000,[전용 21.9평]
서울특별시 서대문구 홍제동 454 유원하나아파트 제103동 제1층 제106호,서울특별시 서대문구,425000000,[전용 21.9평]
서울특별시 서대문구 홍제동 467 인왕산어울림 제101동 제8층 제801호,서울특별시 서대문구,357600000,[전용 21.9평]
서울특별시 도봉구 방학동 734외 4필지 청구아파트 제109동 제1층 제106호,서울특별시 도봉구,302000000,[전용 21.8평]
서울특별시 용산구 효창동 5-145외 8필지 효창한신아파트 제3동 제3층 제308호,서울특별시 용산구,600000000,[전용 21.7평]
서울특별시 구로구 개봉동 492 개봉푸르지오 제107동 제17층 제1701호,서울특별시 구로구,467000000,[전용 21.7평]
서울특별시 강서구 방화동 140-2 삼도아파트 제9층 제901호,서울특별시 강서구,316000000,[전용 21.7평]
서울특별시 성동구 성수동2가 846 이-아름다운세상 제12층 제1203호,서울특별시 성동구,699000000,[전용 21.4평]
서울특별시 성동구 마장동 835 우성에비뉴 제101동 제8층 제803호,서울특별시 성동구,559000000,[전용 21.4평]
서울특별시 성동구 마장동 835 우성에비뉴 제101동 제13층 제1303호,서울특별시 성동구,551000000,[전용 21.4평]
서울특별시 동대문구 장안동 365-4외 2필지 서희스타힐스 제6층 제601호,서울특별시 동대문구,368000000,[전용 21.4평]
서울특별시 송파구 문정동 15 문정동아아파트 제101동 제9층 제901호,서울특별시 송파구,598800000,[전용 21.3평]
서울특별시 중구 회현동1가 146-1 삼풍아파트 제5층 제513호 외1건,서울특별시 중구,335000000,[전용 21.3평]
서울특별시 영등포구 여의도동 38-1 광장아파트 제2동 제11층 제1107호,서울특별시 영등포,830000000,[전용 21.1평]
서울특별시 동작구 대방동 501 대림아파트 제102동 제14층 제1406호,서울특별시 동작구,608000000,[전용 20평]
서울특별시 구로구 신도림동 290외 1필지 미성아파트 제5동 제3층 제309호,서울특별시 구로구,422000000,[전용 20평]
서울특별시 양천구 신정동 881-6 청우아파트 제7층 제703호,서울특별시 양천구,378000000,[전용 20.9평]
"서울특별시 관악구 관악로 304, 109동 12층1201호 (봉천동,현대아파트)",서울특별시 관악구,760000000,[전용 20.8평]
서울특별시 도봉구 창동 33 주공아파트 제1903동 제15층 제1504호,서울특별시 도봉구,626000000,[전용 20.8평]
서울특별시 동대문구 청량리동 235-11 미주아파트 제3동 제4층 제403호,서울특별시 동대문구,570000000,[전용 20.8평]
서울특별시 도봉구 창동 33 주공아파트 제1904동 제9층 제916호,서울특별시 도봉구,462000000,[전용 20.8평]
"서울특별시 영등포구 당산동1가 9-1 당산동코오롱주,상복합아파트 제11층 제1107호",서울특별시 영등포,460000000,[전용 20.8평]
서울특별시 노원구 상계동 740 상계주공아파트 제223동 제6층 제613호,서울특별시 노원구,413000000,[전용 20.8평]
서울특별시 도봉구 창동 731-54 창동새로움아파트 제6층 제601호,서울특별시 도봉구,316000000,[전용 20.7평]
서울특별시 송파구 문정동 150외 1필지 올림픽훼밀리타운아파트 제203동 제6층 제604호,서울특별시 송파구,702400000,[전용 20.6평]
서울특별시 마포구 서교동 487 서교동대우미래사랑 제12층 제1314호,서울특별시 마포구,569600000,[전용 20.6평]
서울특별시 도봉구 쌍문동 711 도봉금강아미움파크타운 제8층 제811호,서울특별시 도봉구,392000000,[전용 20.6평]
서울특별시 도봉구 쌍문동 711 도봉금강아미움파크타운 제8층 제811호,서울특별시 도봉구,312800000,[전용 20.6평]
서울특별시 중구 묵정동 11-2 충무아파트 제3층305호,서울특별시 중구,512000000,[전용 20.5평]
서울특별시 강서구 등촌동 715 등촌동아이파크 제109동 제6층 제601호,서울특별시 강서구,407500000,[전용 20.4평]
서울특별시 중랑구 신내동 656 화성아파트 제808동 제14층 제1408호,서울특별시 중랑구,445000000,[전용 20.3평]
서울특별시 은평구 진관동 84 은평뉴타운우물골 제239동 제14층 제1402호,서울특별시 은평구,384000000,[전용 20.3평]
서울특별시 강서구 방화동 647-20 신라힐아파트 제7층 제702호,서울특별시 강서구,332000000,[전용 20.3평]
서울특별시 노원구 상계동 90-1 현대하이츠아파트 제2층 제202호,서울특별시 노원구,305000000,[전용 20.3평]
서울특별시 은평구 불광동 248 미성아파트 제7동 제11층 제1102호,서울특별시 은평구,520000000,[전용 20.2평]
서울특별시 은평구 불광동 248 미성아파트 제9동 제3층 제308호,서울특별시 은평구,416000000,[전용 20.2평]
서울특별시 양천구 목동 907-12 부영그린타운1차 제16층 제1601호,서울특별시 양천구,404000000,[전용 20.2평]
서울특별시 구로구 구로동 1279 우민늘푸른아파트 제101동 제3층 제303호,서울특별시 구로구,344800000,[전용 20.2평]
서울특별시 구로구 구로동 440 보광아파트 제9동 제4층 제409호,서울특별시 구로구,490000000,[전용 20.1평]
서울특별시 성북구 돈암동 609-1 한신아파트 제111동 제6층 제606호,서울특별시 성북구,377000000,[전용 20.1평]
서울특별시 영등포구 문래동3가 99 예지 팰리스 77차 제9층 제902호,서울특별시 영등포,484000000,[전용 19평]
서울특별시 광진구 광장동 148-4외 1필지 워커힐푸르지오 제101동 제3층 제312호,서울특별시 광진구,892000000,[전용 19.9평]
서울특별시 강서구 화곡동 915-16 삼백훼미리타운 제3층 제302호,서울특별시 강서구,307000000,[전용 19.9평]
서울특별시 서초구 반포동 701-59 태평아트아파트 제6층 제602호,서울특별시 서초구,690000000,[전용 19.8평]
서울특별시 관악구 신림동 1474-6 삼성 아파트 제9층 제902호,서울특별시 관악구,309600000,[전용 19.8평]
서울특별시 광진구 자양동 520-2외 5필지 우성아파트 제203동 제15층 제1506호,서울특별시 광진구,639000000,[전용 19.6평]
서울특별시 동대문구 장안동 329-3 래미안장안2차아파트 제201동 제4층 제401호,서울특별시 동대문구,465600000,[전용 19.6평]
서울특별시 강서구 화곡동 1160 상진지오벨리아파트 제7층 제705호,서울특별시 강서구,300000000,[전용 19.6평]
서울특별시 강서구 화곡동 1165 강서힐스테이트 제102동 제20층 제2001호,서울특별시 강서구,825000000,[전용 19.5평]
서울특별시 구로구 고척동 141-1 서울가든아파트 제5동(현황:105동) 제13층 제1301호,서울특별시 구로구,432000000,[전용 19.5평]
서울특별시 강북구 수유동 205 수유벽산아파트 제11동 제6층 제604호,서울특별시 강북구,424000000,[전용 19.3평]
서울특별시 강남구 신사동 523-4 신사동씨티빌 제1층 제102호,서울특별시 강남구,508000000,[전용 19.2평]
서울특별시 용산구 이촌동 411 동아그린아파트 제104동 제2층 제201호,서울특별시 용산구,840000000,[전용 18평]
서울특별시 동대문구 용두동 790 롯데캐슬피렌체 제4층 제104-403호,서울특별시 동대문구,760000000,[전용 18평]
서울특별시 동작구 상도동 418 쌍용스윗닷홈 제101동 제9층 제906호,서울특별시 동작구,736000000,[전용 18평]
서울특별시 송파구 풍납동 214-6 갑을아파트 제8층 제803호,서울특별시 송파구,736000000,[전용 18평]
서울특별시 성북구 하월곡동 228 꿈의숲 푸르지오 제104동 제4층 제406호,서울특별시 성북구,636000000,[전용 18평]
서울특별시 성북구 하월곡동 228 꿈의숲 푸르지오 제104동 제4층 제406호,서울특별시 성북구,636000000,[전용 18평]
서울특별시 노원구 공릉동 81 태강아파트 제1019동 제9층 제905호,서울특별시 노원구,597000000,[전용 18평]
서울특별시 성북구 하월곡동 228 꿈의숲 푸르지오 제108동 제2층 제202호,서울특별시 성북구,595000000,[전용 18평]
서울특별시 성북구 하월곡동 228 꿈의숲 푸르지오 제108동 제2층 제202호,서울특별시 성북구,595000000,[전용 18평]
서울특별시 성북구 돈암동 609-1 한진아파트 제209동 제17층 제1711호,서울특별시 성북구,525000000,[전용 18평]
서울특별시 도봉구 창동 305 주공아파트 제104동 제13층 제1305호,서울특별시 도봉구,505000000,[전용 18평]
서울특별시 은평구 진관동 107 은평뉴타운마고정 제321동 제3층 제307호,서울특별시 은평구,480000000,[전용 18평]
서울특별시 서대문구 남가좌동 376외 1필지 남가좌동현대아파트 제110동 제13층 제1303호,서울특별시 서대문구,475000000,[전용 18평]
서울특별시 마포구 중동 40-12 성산2차현대아파트 제202동 제18층 제1802호,서울특별시 마포구,472000000,[전용 18평]
서울특별시 서대문구 남가좌동 377 남가좌삼성아파트 제108동 제7층 제703호,서울특별시 서대문구,470000000,[전용 18평]
서울특별시 중랑구 신내동 591 동성아파트 제404동 제11층 제1105호,서울특별시 중랑구,466400000,[전용 18평]
서울특별시 강서구 방화동 852 방화12단지도시개발공사아파트 제1203동 제12층 제1201호,서울특별시 강서구,461000000,[전용 18평]
서울특별시 도봉구 창동 815 창동2차현대아파트 제209동 제4층 제403호,서울특별시 도봉구,456000000,[전용 18평]
서울특별시 강동구 천호동 566 천호태영아파트 제105동 제20층 제2001호,서울특별시 강동구,450000000,[전용 18평]
서울특별시 도봉구 창동 347외 1필지 창동주공아파트 제317동 제9층 제904호,서울특별시 도봉구,440000000,[전용 18평]
서울특별시 노원구 중계동 503 중계그린아파트 제111동 제6층 제602호,서울특별시 노원구,424000000,[전용 18평]
서울특별시 구로구 개봉동 476 한마을아파트 제126동 제9층 제905호,서울특별시 구로구,399000000,[전용 18평]
서울특별시 노원구 하계동 273 장미아파트 제605동 제1층 제104호,서울특별시 노원구,386000000,[전용 18평]
서울특별시 은평구 대조동 231 삼성타운아파트 제102동 제9층 제911호,서울특별시 은평구,372000000,[전용 18평]
서울특별시 노원구 공릉동 370-4 신원아파트 제101동 제9층 제907호,서울특별시 노원구,370000000,[전용 18평]
서울특별시 중랑구 신내동 산67-13외 2필지 동성아파트 제6동 제19층 제1908호,서울특별시 중랑구,370000000,[전용 18평]
서울특별시 노원구 상계동 624 상계주공아파트 제1610동 제1층 제107호,서울특별시 노원구,352000000,[전용 18평]
서울특별시 노원구 공릉동 81 태강아파트 제1008동 제10층 제1002호,서울특별시 노원구,332000000,[전용 18평]
서울특별시 마포구 성산동 114-3 성일아파트 제801호,서울특별시 마포구,303000000,[전용 18평]
서울특별시 마포구 성산동 114-3 성일아파트 제802호,서울특별시 마포구,303000000,[전용 18평]
서울특별시 노원구 공릉동 743 공릉동 한보에센시티아파트 제105동 제1층 제101호,서울특별시 노원구,300000000,[전용 18평]
서울특별시 마포구 하중동 101외 1필지 한강밤섬자이 제104동 제5층 제502호,서울특별시 마포구,398647000,[전용 18.9평]
서울특별시 송파구 삼전동 69-5외 2필지 제3층 제303호,서울특별시 송파구,381000000,[전용 18.9평]
서울특별시 마포구 성산동 114-3 성일아파트 제901호,서울특별시 마포구,338000000,[전용 18.9평]
서울특별시 마포구 성산동 114-3 성일아파트 제902호,서울특별시 마포구,338000000,[전용 18.9평]
서울특별시 강서구 등촌동 694 등촌대림아파트 제102동 제8층 제802호,서울특별시 강서구,329600000,[전용 18.7평]
서울특별시 마포구 서교동 490 메세나폴리스 제아파트동 제20층 제102동2005호,서울특별시 마포구,863000000,[전용 18.6평]
서울특별시 노원구 상계동 666 상계주공아파트 제1002동 제14층 제1406호,서울특별시 노원구,573000000,[전용 18.6평]
서울특별시 강동구 명일동 41 삼환고덕아파트 제12층 제1202호,서울특별시 강동구,333000000,[전용 18.5평]
서울특별시 송파구 거여동 46 현대3차아파트 제303동 제11층 제1108호,서울특별시 송파구,514000000,[전용 18.4평]
서울특별시 송파구 가락동 176 삼환가락아파트 제1동 제12층 제1208호,서울특별시 송파구,424800000,[전용 18.3평]
서울특별시 동작구 상도동 521외 1필지 상도더샾아파트 제120동 제2층 제201호,서울특별시 동작구,755000000,[전용 18.2평]
서울특별시 동대문구 용두동 794 용두롯데캐슬리치 제102동 제8층 제804호,서울특별시 동대문구,745000000,[전용 18.2평]
서울특별시 강동구 고덕동 499 고덕아이파크 제113동 제8층 제805호,서울특별시 강동구,732000000,[전용 18.2평]
서울특별시 동작구 사당동 240-15외 1필지 제일아파트 제1동 제4층 제401호,서울특별시 동작구,704000000,[전용 18.2평]
서울특별시 성북구 돈암동 636 브라운스톤돈암아파트 제112동 제14층 제1403호,서울특별시 성북구,525000000,[전용 18.2평]
서울특별시 강서구 가양동 1496 일신건영휴먼빌아파트 제102동 제14층 제1402호,서울특별시 강서구,480000000,[전용 18.2평]
서울특별시 영등포구 문래동6가 47-1 대원아파트 제102동 제11층 제1107호,서울특별시 영등포,432000000,[전용 18.2평]
서울특별시 동대문구 이문동 64외 3필지 쌍용아파트 제110동 제2층 제201호,서울특별시 동대문구,392000000,[전용 18.2평]
서울특별시 강동구 길동 384-1 한빛아파트 제17층 제1705호,서울특별시 강동구,342000000,[전용 18.2평]
서울특별시 금천구 독산동 1147 금천롯데캐슬골드파크1차 제111동 제29층 제2901호,서울특별시 금천구,985000000,[전용 18.1평]
서울특별시 광진구 자양동 783-1외 1필지 자양7차우성아파트 제701동 제6층 제613호,서울특별시 광진구,944000000,[전용 18.1평]
서울특별시 송파구 장지동 879 송파위례한라비발디아파트 위례22단지 제2208동 제21층 제2103호,서울특별시 송파구,919000000,[전용 18.1평]
서울특별시 송파구 장지동 901 위례24단지(통칭: 송파꿈에그린아파트) 제2409동 제1층 제103호,서울특별시 송파구,880000000,[전용 18.1평]
서울특별시 영등포구 문래동6가 38-1 베어스타운아파트 제102동 제11층 제1104호,서울특별시 영등포,863000000,[전용 18.1평]
서울특별시 마포구 신수동 450 신촌삼익아파트 제103동 제19층 제1901호,서울특별시 마포구,861000000,[전용 18.1평]
서울특별시 강서구 염창동 240-32 금호타운아파트 제102동 제6층 제602호,서울특별시 강서구,832000000,[전용 18.1평]
서울특별시 용산구 한남동 522-1외 10필지 동원베네스트 제6층 제608호,서울특별시 용산구,829000000,[전용 18.1평]
서울특별시 동작구 상도동 533 힐스테이트상도프레스티지 제209동 제10층 제1001호,서울특별시 동작구,822000000,[전용 18.1평]
서울특별시 성북구 길음동 1282 길음뉴타운 제508동 제14층 제1402호,서울특별시 성북구,800000000,[전용 18.1평]
서울특별시 강남구 수서동 세곡2보금자리주택지구1블록 강남데시앙포레 제105동 제3층 제303호,서울특별시 강남구,784000000,[전용 18.1평]
서울특별시 성북구 종암동 104-1 종암에스케이아파트 제106동 제22층 제2210호,서울특별시 성북구,784000000,[전용 18.1평]
서울특별시 송파구 거여동 293 거여4단지아파트 제404동 제12층 제1205호,서울특별시 송파구,739000000,[전용 18.1평]
서울특별시 금천구 독산동 1147 금천롯데캐슬골드파크1차 제111동 제29층 제2901호,서울특별시 금천구,707000000,[전용 18.1평]
서울특별시 금천구 독산동 1147 금천롯데캐슬골드파크1차 제111동 제29층 제2901호,서울특별시 금천구,707000000,[전용 18.1평]
서울특별시 금천구 독산동 1147 금천롯데캐슬골드파크1차 제111동 제29층 제2901호,서울특별시 금천구,707000000,[전용 18.1평]
서울특별시 송파구 가락동 53 가락3차쌍용스윗닷홈 제101동 제13층 제1303호,서울특별시 송파구,700000000,[전용 18.1평]
서울특별시 금천구 독산동 1147 금천롯데캐슬골드파크1차 제111동 제29층 제2901호,서울특별시 금천구,693000000,[전용 18.1평]
서울특별시 영등포구 양평동1가 245 삼환아파트 제101동 제12층 제1207호,서울특별시 영등포,686000000,[전용 18.1평]
서울특별시 강북구 미아동 1353 에스케이북한산시티아파트 제121동 제14층 제1404호,서울특별시 강북구,675000000,[전용 18.1평]
서울특별시 영등포구 양평동5가 76외 2필지 양평동한신아파트 제106동 제3층 제301호,서울특별시 영등포,670000000,[전용 18.1평]
서울특별시 관악구 신림동 1694 신림현대아파트 제107동 제8층 제809호,서울특별시 관악구,668000000,[전용 18.1평]
서울특별시 영등포구 영등포동8가 76-1 영등포삼환아파트 제107동 제7층 제705호,서울특별시 영등포,664000000,[전용 18.1평]
서울특별시 동작구 사당동 105외 1필지 신동아아파트 제405동 제2층 제204호,서울특별시 동작구,660000000,[전용 18.1평]
서울특별시 노원구 월계동 18외 1필지 그랑빌아파트 제117동 제15층 제1501호,서울특별시 노원구,656000000,[전용 18.1평]
서울특별시 동작구 노량진동 325 신동아리버파크 제706동 제20층 제2005호,서울특별시 동작구,655000000,[전용 18.1평]
서울특별시 양천구 목동 932외 1필지 목동현대1차아파트 제102동 제16층 제1602호,서울특별시 양천구,642400000,[전용 18.1평]
서울특별시 영등포구 영등포동 647외 1필지 영등포푸르지오 제218동 제2층 제202호,서울특별시 영등포,635000000,[전용 18.1평]
서울특별시 은평구 구산동 159-10 브라운스톤 구산 제103동 제5층 제501호,서울특별시 은평구,633000000,[전용 18.1평]
서울특별시 성동구 하왕십리동 1070외 7필지 센트라스 제104동 제9층 제901호,서울특별시 성동구,630000000,[전용 18.1평]
서울특별시 강서구 염창동 268외 3필지 관음삼성아파트 제103동 제14층 제1404호,서울특별시 강서구,621000000,[전용 18.1평]
서울특별시 강북구 미아동 1353 에스케이북한산시티아파트 제128동 제6층 제602호,서울특별시 강북구,620000000,[전용 18.1평]
서울특별시 양천구 신월동 1055 신정뉴타운두산위브 제101동 제7층 제701호,서울특별시 양천구,619000000,[전용 18.1평]
서울특별시 동대문구 답십리동 1000 래미안엘파인아파트 제108동 제7층 제703호,서울특별시 동대문구,612000000,[전용 18.1평]
서울특별시 서대문구 홍제동 460 인왕산현대아파트 제106동 제11층 제1110호,서울특별시 서대문구,595000000,[전용 18.1평]
서울특별시 동대문구 장안동 329-2 장안힐스테이트 제1005동 제10층 제1003호,서울특별시 동대문구,588000000,[전용 18.1평]
서울특별시 금천구 가산동 769외 2필지 두산위브아파트 제113동 제12층 제1204호,서울특별시 금천구,580000000,[전용 18.1평]
서울특별시 성동구 행당동 346 행당한진타운 제112동 제10층 제1003호,서울특별시 성동구,579000000,[전용 18.1평]
서울특별시 서대문구 홍제동 459 홍제원현대아파트 제110동 제5층 제502호,서울특별시 서대문구,575000000,[전용 18.1평]
서울특별시 성동구 행당동 347 행당동대림아파트 제105동 제9층 제904호,서울특별시 성동구,568000000,[전용 18.1평]
서울특별시 송파구 가락동 140 가락쌍용아파트 제203동 제11층 제1103호,서울특별시 송파구,568000000,[전용 18.1평]
서울특별시 은평구 불광동 633외 1필지 북한산현대홈타운아파트 제101동 제1층 제103호,서울특별시 은평구,568000000,[전용 18.1평]
서울특별시 영등포구 양평동3가 55-1 경남아너스빌 제101동 제4층 제408호,서울특별시 영등포,563000000,[전용 18.1평]
서울특별시 성동구 응봉동 275외 1필지 신동아아파트 제3동 제4층 제406호,서울특별시 성동구,557000000,[전용 18.1평]
서울특별시 도봉구 창동 807 쌍용아파트 제110동 제4층 제404호,서울특별시 도봉구,556000000,[전용 18.1평]
서울특별시 동대문구 이문동 225 이문이편한세상아파트 제103동 제5층 제503호,서울특별시 동대문구,550000000,[전용 18.1평]
서울특별시 강서구 염창동 295외 1필지 강변성원아파트 제101동 제15층 제1504호,서울특별시 강서구,540000000,[전용 18.1평]
서울특별시 강서구 내발산동 749 마곡수명산파크5단지 제504동 제6층 제604호,서울특별시 강서구,534400000,[전용 18.1평]
서울특별시 성북구 길음동 1276 삼부아파트 제102동 제5층 제502호,서울특별시 성북구,532000000,[전용 18.1평]
서울특별시 관악구 봉천동 1706 관악우성아파트 제108동 제4층 제407호,서울특별시 관악구,530000000,[전용 18.1평]
서울특별시 강서구 등촌동 631-9외 6필지 대동황토방아파트 제101동 제1층 제102호,서울특별시 강서구,527000000,[전용 18.1평]
서울특별시 영등포구 양평동4가 94 삼호한숲아파트 제102동 제7층 제708호,서울특별시 영등포,520000000,[전용 18.1평]
서울특별시 강서구 방화동 860 마곡서광아파트 제101동 제6층 제601호,서울특별시 강서구,518000000,[전용 18.1평]
서울특별시 양천구 신정동 948-24 신호아파트 제101동 제13층 제1301호,서울특별시 양천구,515000000,[전용 18.1평]
서울특별시 강북구 미아동 1353 에스케이북한산시티아파트 제130동 제9층 제901호,서울특별시 강북구,510000000,[전용 18.1평]
서울특별시 성북구 하월곡동 222 월곡두산위브아파트 제123동 제13층 제1305호,서울특별시 성북구,508000000,[전용 18.1평]
서울특별시 강서구 등촌동 638외 1필지 서광등촌마을 제103동 제9층 제902호,서울특별시 강서구,505000000,[전용 18.1평]
서울특별시 강북구 번동 136 번동솔그린아파트 제104동 제20층 제2004호,서울특별시 강북구,500000000,[전용 18.1평]
서울특별시 성북구 장위동 312 우방아파트 제101동 제3층 제308호,서울특별시 성북구,492000000,[전용 18.1평]
서울특별시 성동구 성수동2가 286 성수동2차우방아파트 제18층 제1809호,서울특별시 성동구,476000000,[전용 18.1평]
서울특별시 은평구 수색동 415-1 대림한숲타운아파트 제112동 제10층 제1003호,서울특별시 은평구,475000000,[전용 18.1평]
서울특별시 성북구 석관동 10 두산아파트 제118동 제21층 제2104호,서울특별시 성북구,468000000,[전용 18.1평]
서울특별시 송파구 마천동 20외 1필지 신동아아파트 제102동 제2층 제208호,서울특별시 송파구,465000000,[전용 18.1평]
서울특별시 은평구 수색동 415-1 대림한숲타운아파트 제105동 제1층 제102호,서울특별시 은평구,457000000,[전용 18.1평]
서울특별시 양천구 신정동 1317 신정이펜하우스4단지 제405동 제4층 제404호,서울특별시 양천구,442000000,[전용 18.1평]
서울특별시 서대문구 홍제동 457 남양아파트 제103동 제10층 제1002호,서울특별시 서대문구,441000000,[전용 18.1평]
서울특별시 노원구 월계동 922 서광아파트 제102동 제13층 제1303호,서울특별시 노원구,426000000,[전용 18.1평]
서울특별시 강서구 등촌동 628-15외 2필지 라인아파트 제101동 제3층 제311호,서울특별시 강서구,409000000,[전용 18.1평]
서울특별시 은평구 구산동 159-10 브라운스톤 구산 제103동 제5층 제501호,서울특별시 은평구,408000000,[전용 18.1평]
서울특별시 동대문구 답십리동 10 동아아파트 제101동 제9층 제901호,서울특별시 동대문구,405600000,[전용 18.1평]
서울특별시 금천구 시흥동 5-13외 1필지 삼익아파트 제108동 제7층 제702호,서울특별시 금천구,402000000,[전용 18.1평]
서울특별시 금천구 독산동 711-2 금천현대아파트 제108동 제9층 제906호,서울특별시 금천구,401000000,[전용 18.1평]
서울특별시 구로구 개봉동 478 개봉한진아파트 제107동 제15층 제1505호,서울특별시 구로구,400000000,[전용 18.1평]
서울특별시 성북구 정릉동 1031 정릉힐스테이트3차아파트 제305동 제5층 제501호,서울특별시 성북구,398400000,[전용 18.1평]
서울특별시 동작구 사당동 105외 1필지 극동아파트 제109동 제11층 제1102호,서울특별시 동작구,398000000,[전용 18.1평]
서울특별시 동대문구 휘경동 115 휘경동동양아파트 제102동 제16층 제1608호,서울특별시 동대문구,391000000,[전용 18.1평]
서울특별시 구로구 고척동 326 청구아파트 제104동 제5층 제510호,서울특별시 구로구,390000000,[전용 18.1평]
서울특별시 은평구 응암동 669-1외 3필지 대주피오레아파트 제102동 제15층 제1505호,서울특별시 은평구,390000000,[전용 18.1평]
서울특별시 은평구 구산동 159-10 브라운스톤 구산 제103동 제5층 제501호,서울특별시 은평구,390000000,[전용 18.1평]
서울특별시 노원구 월계동 925 대동아파트 제103동 제12층 제1205호,서울특별시 노원구,386000000,[전용 18.1평]
서울특별시 광진구 중곡동 681 성원아파트 제101동 제24층 제2402호,서울특별시 광진구,385000000,[전용 18.1평]
서울특별시 노원구 중계동 593 삼성아파트 제107동 제5층 제504호,서울특별시 노원구,383000000,[전용 18.1평]
서울특별시 강동구 둔촌동 546 신성둔촌미소지움 제102동 제17층 제1706호,서울특별시 강동구,380000000,[전용 18.1평]
서울특별시 은평구 신사동 367 이랜드타운아파트 제103동 제8층 제802호,서울특별시 은평구,377000000,[전용 18.1평]
서울특별시 강북구 미아동 1353 에스케이북한산시티아파트 제122동 제5층 제504호,서울특별시 강북구,374400000,[전용 18.1평]
서울특별시 도봉구 창동 804 창동대우아파트 제104동 제8층 제801호,서울특별시 도봉구,373000000,[전용 18.1평]
서울특별시 노원구 월계동 929 현대아파트 제104동 제20층 제2006호,서울특별시 노원구,368800000,[전용 18.1평]
서울특별시 성북구 정릉동 239외 2필지 정릉풍림아이원 제123동 제2층 제210호,서울특별시 성북구,358000000,[전용 18.1평]
서울특별시 은평구 신사동 367 이랜드타운아파트 제102동 제11층 제1103호,서울특별시 은평구,356000000,[전용 18.1평]
서울특별시 동대문구 장안동 382-5 태솔아파트1차 제7층 제702호,서울특별시 동대문구,352000000,[전용 18.1평]
서울특별시 은평구 응암동 739 응암동금호아파트 제103동 제18층 제1802호,서울특별시 은평구,340800000,[전용 18.1평]
서울특별시 중랑구 묵동 13 신내아파트 제406동 제9층 제902호,서울특별시 중랑구,335200000,[전용 18.1평]
서울특별시 강서구 방화동 860 치현마을서광아파트 제102동 제9층 제904호,서울특별시 강서구,334400000,[전용 18.1평]
서울특별시 관악구 신림동 1693외 3필지 국제산장아파트 제107동 제6층 제603호,서울특별시 관악구,333000000,[전용 18.1평]
서울특별시 노원구 중계동 503 중계그린아파트 제111동 제5층 제501호,서울특별시 노원구,332800000,[전용 18.1평]
서울특별시 성북구 정릉동 239-1외 2필지 정릉풍림아이원 제123동 제12층 제1208호,서울특별시 성북구,331000000,[전용 18.1평]
서울특별시 노원구 상계동 1282 상계2차중앙하이츠아파트 제206동 제1층 제107호,서울특별시 노원구,320800000,[전용 18.1평]
서울특별시 금천구 시흥동 1006 벽산타운3단지 제103동 제13층 제1302호,서울특별시 금천구,320000000,[전용 18.1평]
서울특별시 중랑구 묵동 13 신내아파트 제405동 제3층 제303호,서울특별시 중랑구,319000000,[전용 18.1평]
서울특별시 금천구 시흥동 5-13외 1필지 삼익아파트 제109동 제10층 제1003호,서울특별시 금천구,310000000,[전용 18.1평]
서울특별시 동대문구 장안동 372-9 청솔아파트 제에이동 제9층 제901호,서울특별시 동대문구,309600000,[전용 18.1평]
서울특별시 구로구 구로동 1261 일신건영아파트 제101동 제13층 제1302호,서울특별시 구로구,308800000,[전용 18.1평]
서울특별시 은평구 신사동 367 이랜드타운아파트 제102동 제11층 제1103호,서울특별시 은평구,302400000,[전용 18.1평]
서울특별시 성북구 정릉동 1016 우방아파트 제101동 제9층 제911호,서울특별시 성북구,302000000,[전용 18.1평]
서울특별시 은평구 신사동 367 이랜드타운아파트 제103동 제8층 제802호,서울특별시 은평구,301600000,[전용 18.1평]
서울특별시 용산구 한강로1가 231-23 내제3층303호(삼각맨션C동),서울특별시 용산구,609000000,[전용 17평]
서울특별시 강서구 화곡동 918-14 도양라비앙아파트 제7층 제702호,서울특별시 강서구,308800000,[전용 17평]
서울특별시 영등포구 당산동4가 88외 1필지 당산현대아파트 제104동 제9층 제903호,서울특별시 영등포,595000000,[전용 17.9평]
서울특별시 서대문구 홍은동 465 에이치디엑스휴팰리스 제102동 제15층 제1502호,서울특별시 서대문구,544000000,[전용 17.9평]
서울특별시 동작구 상도동 531 힐스테이트 상도 센트럴파크 제104동 제13층 제1305호,서울특별시 동작구,540000000,[전용 17.9평]
서울특별시 노원구 상계동 666 상계주공아파트 제1014동 제2층 제206호,서울특별시 노원구,490000000,[전용 17.9평]
서울특별시 도봉구 도봉동 655 래미안도봉아파트 제105동 제9층 제906호,서울특별시 도봉구,460000000,[전용 17.9평]
서울특별시 은평구 진관동 14 은평뉴타운 상림마을 제801동 제8층 제801호,서울특별시 은평구,456000000,[전용 17.9평]
서울특별시 동대문구 휘경동 57 주공아파트 제201동 제17층 제1701호,서울특별시 동대문구,440000000,[전용 17.9평]
서울특별시 동대문구 휘경동 57 주공아파트 제204동 제20층 제2006호,서울특별시 동대문구,361600000,[전용 17.9평]
서울특별시 강북구 번동 234 번동주공아파트 제403동 제3층 제301호,서울특별시 강북구,347000000,[전용 17.9평]
서울특별시 노원구 상계동 1289 상계불암대림아파트 제203동 제13층 제1304호,서울특별시 노원구,339000000,[전용 17.9평]
서울특별시 서대문구 남가좌동 345-4 가재울백련아파트 제2층 제208호,서울특별시 서대문구,311000000,[전용 17.9평]
서울특별시 중랑구 면목동 1077-1 용마한신아파트 제1동 제2층 제202호,서울특별시 중랑구,308000000,[전용 17.9평]
서울특별시 마포구 염리동 515-1 상록아파트 제103동 제18층 제1805호,서울특별시 마포구,756000000,[전용 17.8평]
서울특별시 구로구 신도림동 646 신도림4차이-편한세상아파트 제1107동 제10층 제1002호,서울특별시 구로구,532000000,[전용 17.8평]
서울특별시 구로구 신도림동 646 신도림4차이-편한세상아파트 제1107동 제10층 제1002호,서울특별시 구로구,514560000,[전용 17.8평]
서울특별시 금천구 독산동 293-10 독산현대아파트 제102동 제4층 제407호,서울특별시 금천구,355000000,[전용 17.8평]
서울특별시 강서구 염창동 263-2 주상복합태진가람아파트상가 제8층 제802호,서울특별시 강서구,336000000,[전용 17.8평]
서울특별시 마포구 망원동 483-3 리츠아파트 제4층 제403호,서울특별시 마포구,690000000,[전용 17.7평]
서울특별시 광진구 자양동 811 광진하나플러스 제1동 제10층 제1001호,서울특별시 광진구,600000000,[전용 17.7평]
서울특별시 동대문구 장안동 336외 1필지 장안현대홈타운 제105동 제22층 제2202호,서울특별시 동대문구,575000000,[전용 17.7평]
서울특별시 광진구 중곡동 292 에스케이아파트 제101동 제3층 제301호,서울특별시 광진구,478000000,[전용 17.7평]
서울특별시 서대문구 홍제동 132-5외 1필지 에이원아파트 제6층 제604호,서울특별시 서대문구,427000000,[전용 17.7평]
서울특별시 서대문구 홍제동 132-5외 1필지 에이원아파트 제6층 제604호,서울특별시 서대문구,398000000,[전용 17.7평]
서울특별시 동대문구 장안동 336외 1필지 장안현대홈타운 제117동 제10층 제1002호,서울특별시 동대문구,394000000,[전용 17.7평]
서울특별시 동대문구 용두동 779 신동아아파트 제3동 제2층 제205호,서울특별시 동대문구,354400000,[전용 17.7평]
서울특별시 서대문구 홍제동 132-5외 1필지 에이원아파트 제6층 제604호,서울특별시 서대문구,318400000,[전용 17.7평]
서울특별시 송파구 문정동 618 파크하비오 제송파파크하비오푸르지오102동 제1층 제103호,서울특별시 송파구,870000000,[전용 17.6평]
서울특별시 강서구 등촌동 688 등촌3단지주공아파트 제301동 제7층 제704호,서울특별시 강서구,675000000,[전용 17.6평]
서울특별시 강서구 등촌동 688 등촌3단지주공아파트 제301동 제7층 제704호,서울특별시 강서구,675000000,[전용 17.6평]
서울특별시 구로구 구로동 1280 한신휴플러스아파트 제104동 제17층 제1701호,서울특별시 구로구,668000000,[전용 17.6평]
서울특별시 노원구 상계동 652 상계주공아파트 제1105동 제4층 제403호,서울특별시 노원구,640000000,[전용 17.6평]
서울특별시 성동구 성수동1가 708외 1필지 성수동동아그린아파트 제101동 제16층 제1602호,서울특별시 성동구,640000000,[전용 17.6평]
서울특별시 노원구 상계동 666외 1필지 상계주공아파트 제1025동 제6층 제601호,서울특별시 노원구,630000000,[전용 17.6평]
서울특별시 강서구 등촌동 688 등촌3단지주공아파트 제309동 제4층 제405호,서울특별시 강서구,615000000,[전용 17.6평]
서울특별시 강서구 등촌동 702 등촌10단지주공아파트 제1005동 제1층 제102호,서울특별시 강서구,578000000,[전용 17.6평]
서울특별시 노원구 상계동 691 상계주공아파트 제721동 제13층 제1304호,서울특별시 노원구,524000000,[전용 17.6평]
서울특별시 노원구 상계동 765 상계주공아파트(통칭:상계주공1단지) 제104동 제6층 제601호,서울특별시 노원구,426000000,[전용 17.6평]
서울특별시 은평구 신사동 297 씨티아파트 제102동 제6층 제606호,서울특별시 은평구,356000000,[전용 17.6평]
서울특별시 중구 신당동 842외 1필지 약수하이츠 제114동 제19층 제1901호,서울특별시 중구,780000000,[전용 17.4평]
서울특별시 은평구 수색동 416-1 수색진흥엣세벨 제106동 제11층 제1103호,서울특별시 은평구,599000000,[전용 17.4평]
서울특별시 송파구 방이동 197 신구블레스밸리아파트 제101동 제5층 제506호,서울특별시 송파구,554400000,[전용 17.4평]
서울특별시 마포구 상암동 1743 상암월드컵파크12단지 제1206동 제14층 제1403호,서울특별시 마포구,452800000,[전용 17.4평]
서울특별시 중랑구 망우동 508-11외 3필지 문수해오름 제4층 제402호,서울특별시 중랑구,300000000,[전용 17.4평]
서울특별시 중구 신당동 850 신당푸르지오 제105동 제6층 제602호,서울특별시 중구,499000000,[전용 17.3평]
서울특별시 강서구 방화동 863외 1필지 마곡현대아파트 제203동 제5층 제504호,서울특별시 강서구,454000000,[전용 17.3평]
서울특별시 성북구 정릉동 1028 정릉이편한세상 제108동 제7층 제702호,서울특별시 성북구,351000000,[전용 17.3평]
서울특별시 양천구 신월동 529-2 세제뉴타운아파트 제4층 제402호,서울특별시 양천구,300000000,[전용 17.3평]
서울특별시 용산구 한강로1가 231-23 삼각맨션C동 3호 6층 607호,서울특별시 용산구,585000000,[전용 17.2평]
서울특별시 강서구 화곡동 351-89 중앙화곡하이츠아파트 제2동 제9층 제910호,서울특별시 강서구,386000000,[전용 17.2평]
서울특별시 마포구 망원동 412-19 뉴서울아파트 제5층 제501호,서울특별시 마포구,340000000,[전용 16평]
서울특별시 서대문구 천연동 145 천연뜨란채 제105동 제10층 제1004호,서울특별시 서대문구,580000000,[전용 16.9평]
서울특별시 은평구 갈현동 468-4 플라잉캐슬 제13층 제1302호,서울특별시 은평구,388000000,[전용 16.9평]
서울특별시 광진구 중곡동 190-26외 1필지 중곡아파트 제7동 제4층 제504호,서울특별시 광진구,326000000,[전용 16.9평]
서울특별시 서대문구 북아현동 1011외 1필지 신촌푸르지오 제201동 제8층 제803호,서울특별시 서대문구,546000000,[전용 16.5평]
서울특별시 강남구 삼성동 5-3외 1필지 골든카운티 제2층 제201호,서울특별시 강남구,516500000,[전용 16.5평]
서울특별시 송파구 가락동 96-1 가락우성아파트 제5동 제11층 제1102호,서울특별시 송파구,440000000,[전용 16.5평]
서울특별시 구로구 고척동 141-1 서울가든아파트 제1동(외벽:101동) 제10층 제1005호,서울특별시 구로구,333000000,[전용 16.5평]
서울특별시 노원구 상계동 639외 1필지 보람아파트 제101동 제13층 제1304호,서울특별시 노원구,301000000,[전용 16.5평]
서울특별시 강남구 대치동 316 은마아파트 제15동 제3층 제310호,서울특별시 강남구,907000000,[전용 16.3평]
서울특별시 금천구 시흥동 109-1 무지개아파트 제1동 제9층 제919호,서울특별시 금천구,360000000,[전용 16.3평]
서울특별시 용산구 한강로1가 231-23 삼각맨션C동 3호 5층 503호,서울특별시 용산구,559000000,[전용 16.1평]
서울특별시 용산구 한강로1가 231-23 삼각맨션C동 3호 6층 611호,서울특별시 용산구,548000000,[전용 16.1평]
서울특별시 도봉구 방학동 271-5 신동아아파트 제26동 제8층 제810호,서울특별시 도봉구,390000000,[전용 16.1평]
서울특별시 노원구 하계동 271-3 건영아파트 제7동 제11층 제1102호,서울특별시 노원구,388000000,[전용 16.1평]
서울특별시 노원구 하계동 274 청솔아파트 제708동 제4층 제409호,서울특별시 노원구,510000000,[전용 15평]
서울특별시 노원구 하계동 273 장미아파트 제602동 제9층 제911호,서울특별시 노원구,465000000,[전용 15평]
서울특별시 노원구 하계동 274 청솔아파트 제705동 제2층 제203호,서울특별시 노원구,373000000,[전용 15평]
서울특별시 노원구 공릉동 715 공릉3단지아파트 제302동 제1층 제105호,서울특별시 노원구,322000000,[전용 15평]
서울특별시 서초구 우면동 70 코오롱아파트 제102동 제2층 제204호,서울특별시 서초구,773000000,[전용 15.9평]
서울특별시 서초구 서초동 1683외 4필지 서초4차현대아파트 제101동 제9층 제902호,서울특별시 서초구,713000000,[전용 15.8평]
서울특별시 은평구 대조동 9-25 대일아이안 제6층 제601호,서울특별시 은평구,360000000,[전용 15.8평]
서울특별시 강서구 염창동 309 이편한세상염창 제101동 제12층 제1208호,서울특별시 강서구,752000000,[전용 15.7평]
서울특별시 양천구 신정동 325외 1필지 목동신시가지아파트 제1117동 제11층 제1107호,서울특별시 양천구,932000000,[전용 15.6평]
서울특별시 강서구 염창동 265-28 보람더하임 제105동 제9층 제901호,서울특별시 강서구,320000000,[전용 15.6평]
서울특별시 관악구 신림동 739 뉴서울아파트 제나동 제2층 제202호,서울특별시 관악구,301000000,[전용 15.5평]
서울특별시 강동구 암사동 413 프라이어팰리스 제118동 제25층 제2501호,서울특별시 강동구,702000000,[전용 15.4평]
서울특별시 도봉구 창동 825 북한산아이파크 제524동 제8층 제803호,서울특별시 도봉구,447000000,[전용 15.4평]
서울특별시 양천구 신월동 987-1 신월시영아파트 제8동 제3층 제301호,서울특별시 양천구,330000000,[전용 15.3평]
서울특별시 마포구 성산동 446외 1필지 성산시영아파트 제31동 제3층 제305호,서울특별시 마포구,970000000,[전용 15.1평]
서울특별시 마포구 성산동 446외 1필지 성산시영아파트 제31동 제9층 제901호,서울특별시 마포구,880000000,[전용 15.1평]
서울특별시 양천구 신정동 1259 신트리1단지아파트 제109동 제2층 제205호,서울특별시 양천구,650000000,[전용 15.1평]
"서울특별시 노원구 동일로227길 25, 1101동 3층310호 (상계동,상계주공아파트)",서울특별시 노원구,630000000,[전용 15.1평]
서울특별시 서초구 서초동 1671-5 서초리시온 제6층 제622호,서울특별시 서초구,446000000,[전용 15.1평]
서울특별시 강서구 방화동 839 도시개발공사아파트 제218동 제7층 제706호,서울특별시 강서구,367000000,[전용 15.1평]
서울특별시 강북구 번동 242 번동1단지주공아파트 제113동 제13층 제1302호,서울특별시 강북구,363000000,[전용 15.1평]
서울특별시 강서구 방화동 814 방화5단지아파트 제505동 제1층 제105호,서울특별시 강서구,359200000,[전용 15.1평]
서울특별시 양천구 신월동 341-1 길훈아파트 제3동 제4층 제402호,서울특별시 양천구,328000000,[전용 15.1평]
서울특별시 노원구 중계동 504-1 중계그린아파트 제125동 제12층 제1202호,서울특별시 노원구,324000000,[전용 15.1평]
서울특별시 노원구 상계동 647 상계주공아파트 제1212동 제11층 제1106호,서울특별시 노원구,322400000,[전용 15.1평]
서울특별시 종로구 무악동 82외 2필지 무악현대아파트 제105동 제10층 제1002호,서울특별시 종로구,493000000,[전용 14.9평]
서울특별시 강서구 방화동 841 장미아파트 제102동 제14층 제1403호,서울특별시 강서구,365000000,[전용 14.9평]
서울특별시 강서구 방화동 841 장미아파트 제102동 제1층 제105호,서울특별시 강서구,344000000,[전용 14.9평]
서울특별시 강서구 방화동 841 장미아파트 제102동 제2층 제209호,서울특별시 강서구,326000000,[전용 14.9평]
서울특별시 영등포구 여의도동 54-3외 1필지 진주아파트 제씨동 제12층 제1215호,서울특별시 영등포,780000000,[전용 14.6평]
서울특별시 서초구 서초동 1445-4 래미안서초유니빌 제12층 제1206호,서울특별시 서초구,395000000,[전용 14.3평]
서울특별시 관악구 신림동 406-69외 1필지 지에스파크뷰 제4층 제401호,서울특별시 관악구,385000000,[전용 14.3평]
서울특별시 송파구 마천동 181외 2필지 아울렛코리아라이프(상가)현대그린빌(아파트) 제101동 제10층 제1004호,서울특별시 송파구,390000000,[전용 14.2평]
서울특별시 성북구 정릉동 1020 정릉우성아파트 제101동 제16층 제1607호,서울특별시 성북구,489000000,[전용 14.1평]
서울특별시 도봉구 쌍문동 56 삼익세라믹아파트 제110동 제8층 제803호,서울특별시 도봉구,353000000,[전용 13평]
서울특별시 송파구 오금동 165 상아아파트 제6동 제10층 제1007호,서울특별시 송파구,591000000,[전용 13.9평]
서울특별시 도봉구 창동 31 주공아파트 제1803동 제2층 제202호,서울특별시 도봉구,420000000,[전용 13.9평]
서울특별시 동작구 흑석동 97-2외 1필지 명수대아파트 제4층 제418호,서울특별시 동작구,330000000,[전용 13.8평]
서울특별시 송파구 장지동 884 위례2차아이파크 제202동 제1층 제103호,서울특별시 송파구,600000000,[전용 13.6평]
서울특별시 구로구 구로동 1265외 3필지 구로두산아파트 제108동 제2층 제202호,서울특별시 구로구,448000000,[전용 13.5평]
서울특별시 노원구 하계동 284 한신아파트 제4동 제15층 제1511호,서울특별시 노원구,359000000,[전용 13.5평]
서울특별시 동대문구 답십리동 42 동답한신아파트 제2동 제9층 제903호,서울특별시 동대문구,360000000,[전용 13.4평]
서울특별시 송파구 풍납동 260외 4필지 현대리버빌1차아파트 제307동 제16층 제1609호,서울특별시 송파구,494000000,[전용 13.1평]
서울특별시 양천구 신월동 987-1 신월시영아파트 제3동 제4층 제411호,서울특별시 양천구,300000000,[전용 13.1평]
서울특별시 송파구 문정동 145외 1필지 문정시영아파트 제5동 제2층 제205호,서울특별시 송파구,832000000,[전용 12평]
서울특별시 송파구 문정동 145외 1필지 문정시영아파트 제6동 제12층 제1202호,서울특별시 송파구,638000000,[전용 12평]
서울특별시 강서구 가양동 1485 가양6단지아파트 제604동 제12층 제1201호,서울특별시 강서구,618000000,[전용 12평]
서울특별시 강서구 가양동 1461 가양2단지성지아파트 제206동 제6층 제615호,서울특별시 강서구,453000000,[전용 12평]
서울특별시 동대문구 이문동 225 이문이편한세상아파트 제111동 제22층 제2201호,서울특별시 동대문구,394400000,[전용 12평]
서울특별시 강서구 가양동 1485 가양6단지아파트 제615동 제9층 제908호,서울특별시 강서구,363000000,[전용 12평]
서울특별시 마포구 망원동 500 한강1차대주파크빌 제101동 제2층 제203호,서울특별시 마포구,318000000,[전용 12평]
서울특별시 서초구 반포동 60-4 반포미도아파트 제303동 제8층 제807호,서울특별시 서초구,811000000,[전용 12.9평]
서울특별시 서초구 반포동 60-4 반포미도아파트 제303동 제8층 제807호,서울특별시 서초구,811000000,[전용 12.9평]
서울특별시 서초구 반포동 60-4 반포미도아파트 제303동 제8층 제807호,서울특별시 서초구,811000000,[전용 12.9평]
서울특별시 송파구 잠실동 35 트리지움 제333동 제21층 제2102호,서울특별시 송파구,785000000,[전용 12.9평]
서울특별시 마포구 창전동 444외 2필지 서강쌍용예가 제113동 제5층 제506호,서울특별시 마포구,680000000,[전용 12.9평]
서울특별시 서초구 방배동 1008-2 래미안방배아트힐 제104동 제18층 제1803호,서울특별시 서초구,600000000,[전용 12.9평]
서울특별시 영등포구 양평동3가 101 양평동6차현대아파트 제605동 제8층 제804호,서울특별시 영등포,567000000,[전용 12.9평]
서울특별시 강동구 암사동 414-2 강동롯데캐슬퍼스트아파트 제105동 제4층 제402호,서울특별시 강동구,384000000,[전용 12.9평]
서울특별시 강서구 화곡동 1159 우장산아이파크이편한세상 제102동 제4층 제402호,서울특별시 강서구,369600000,[전용 12.9평]
서울특별시 송파구 가락동 120-4 가락우성2차아파트 제101동 제11층 제1102호,서울특별시 송파구,360000000,[전용 12.9평]
서울특별시 서대문구 홍제동 455 현대그린아파트 제102동 제9층 제904호,서울특별시 서대문구,350000000,[전용 12.9평]
서울특별시 성동구 홍익동 53 청계대주파크빌 제101동 제10층 제1005호,서울특별시 성동구,312800000,[전용 12.9평]
서울특별시 강남구 삼성동 17 삼성동롯데아파트 제103동 제6층 제602호,서울특별시 강남구,790000000,[전용 12.8평]
서울특별시 광진구 구의동 611외 2필지 구의현대2단지아파트 제206동 제20층 제2005호,서울특별시 광진구,765000000,[전용 12.8평]
서울특별시 광진구 구의동 611외 2필지 구의현대2단지아파트 제206동 제20층 제2005호,서울특별시 광진구,765000000,[전용 12.8평]
서울특별시 송파구 잠실동 19 잠실엘스 제137동 제1층 제102호,서울특별시 송파구,616000000,[전용 12.8평]
서울특별시 송파구 신천동 17외 1필지 파크리오 제213동 제35층 제3504호,서울특별시 송파구,596000000,[전용 12.8평]
서울특별시 은평구 진관동 88 은평뉴타운우물골 제214동 제4층 제404호,서울특별시 은평구,530000000,[전용 12.8평]
서울특별시 구로구 신도림동 643 신도림1차동아아파트 제104동 제24층 제2404호,서울특별시 구로구,493000000,[전용 12.8평]
서울특별시 성동구 옥수동 4외 4필지 옥수현대아파트 제102동 제2층 제201호,서울특별시 성동구,463000000,[전용 12.8평]
서울특별시 송파구 가락동 140 가락쌍용아파트 제105동 제22층 제2203호,서울특별시 송파구,416000000,[전용 12.8평]
서울특별시 영등포구 신길동 4934외 1필지 삼성래미안아파트 제107동 제11층 제1104호,서울특별시 영등포,412000000,[전용 12.8평]
서울특별시 동작구 대방동 500 성원아파트 제103동 제13층 제1305호,서울특별시 동작구,402400000,[전용 12.8평]
서울특별시 마포구 중동 390외 1필지 디엠씨마포청구아파트 제104동 제8층 제801호,서울특별시 마포구,385000000,[전용 12.8평]
서울특별시 성북구 종암동 131 종암2차아이파크 제211동 제12층 제1202호,서울특별시 성북구,350000000,[전용 12.8평]
서울특별시 성북구 종암동 131 종암2차아이파크 제211동 제12층 제1202호,서울특별시 성북구,350000000,[전용 12.8평]
서울특별시 구로구 가리봉동 139 효성아파트 제7층 제706호,서울특별시 구로구,324000000,[전용 12.8평]
서울특별시 서초구 방배동 1021-9 아이리스아파트 제5층 제502호,서울특별시 서초구,320000000,[전용 12.8평]
서울특별시 송파구 방이동 89외 2필지 올림픽선수기자촌아파트 제110동 제15층 제1502호,서울특별시 송파구,720800000,[전용 12.6평]
서울특별시 송파구 방이동 89외 2필지 올림픽선수기자촌아파트 제110동 제15층 제1502호,서울특별시 송파구,552000000,[전용 12.6평]
서울특별시 서대문구 충정로3가 465 충정리시온 제10층 제1003호,서울특별시 서대문구,483000000,[전용 12.6평]
서울특별시 노원구 상계동 652 상계주공아파트 제1106동 제7층 제705호,서울특별시 노원구,318000000,[전용 12.5평]
서울특별시 금천구 시흥동 1002-1외 1필지 럭키남서울아파트 제7동 제12층 제1205호,서울특별시 금천구,301000000,[전용 12.5평]
서울특별시 광진구 자양동 789 자양8차현대홈타운 제803동 제2층 제204호,서울특별시 광진구,460000000,[전용 12.2평]
서울특별시 강동구 길동 400 길동우성아파트 제107동 제13층 제1307호,서울특별시 강동구,390400000,[전용 12.2평]
서울특별시 서초구 서초동 1542-1 서초동 동일하이빌 제11층 제101-1101호,서울특별시 서초구,362400000,[전용 12.2평]
서울특별시 중랑구 신내동 650 신내6단지아파트 제610동 제10층 제1008호,서울특별시 중랑구,423000000,[전용 12.1평]
서울특별시 노원구 중계동 513 중계무지개아파트 제204동 제6층 제609호,서울특별시 노원구,303000000,[전용 12.1평]
서울특별시 마포구 망원동 515 한강월드컵아파트 제101동 제6층 제605호,서울특별시 마포구,311000000,[전용 11.8평]
서울특별시 금천구 독산동 1088외 3필지 주공아파트 제1401동 제8층 제809호,서울특별시 금천구,327000000,[전용 11.7평]
서울특별시 광진구 자양동 642외 6필지 자양5차현대아파트 제501동 제14층 제1401호,서울특별시 광진구,484500000,[전용 11.6평]
서울특별시 서초구 방배동 866-7외 5필지 방배대우디오빌 제4층 제401호,서울특별시 서초구,344800000,[전용 11.4평]
서울특별시 용산구 동자동 45외 1필지 센트레빌아스테리움서울 제비동 제32층 제3201호,서울특별시 용산구,300000000,[전용 11.2평]
서울특별시 마포구 상암동 1618 휴먼시아 제201동 제1층 제102호,서울특별시 마포구,560000000,[전용 11.1평]
서울특별시 강남구 개포동 12 대치아파트 제209동 제9층 제902호,서울특별시 강남구,800000000,[전용 10평]
서울특별시 용산구 문배동 10-3외 1필지 용산리브 제12층 제1201호,서울특별시 용산구,320000000,[전용 10.9평]
서울특별시 도봉구 창동 373외 1필지 주공아파트 제406동 제6층 제610호,서울특별시 도봉구,300000000,[전용 10.9평]
서울특별시 강남구 청담동 60외 1필지 삼성청담공원아파트 제107동 제4층 제401호,서울특별시 강남구,490400000,[전용 10.8평]
서울특별시 영등포구 여의도동 30 목화아파트 제1동 제11층 제1115호,서울특별시 영등포,611000000,[전용 10.2평]
서울특별시 용산구 이촌동 430외 2필지 엘지한강자이아파트 제102동 제2층 제203호,서울특별시 용산구,503200000,[전용 10.1평]
